,image,name,price,brand,link,gender
0,http://cdn.yoox.biz/11/11037468BD_11_n_f.jpg,BALLET FLAT WITH RHINESTONES,$ 645.00,Armani,http://www.armani.com/us/giorgioarmani/women/onlinestore/shoes,w
1,http://cdn.yoox.biz/11/11092822WW_11_n_f.jpg,HEAVY-DUTY BOOT IN CALFSKIN,$ 995.00,Armani,http://www.armani.com/us/giorgioarmani/women/onlinestore/shoes,w
2,http://cdn.yoox.biz/11/11065631NG_11_n_f.jpg,HALF BOOT IN SUEDE,$ 657.00,Armani,http://www.armani.com/us/giorgioarmani/women/onlinestore/shoes,w
3,http://cdn.yoox.biz/11/11063381FS_11_n_f.jpg,CLOSED-TOE SLIP-ONS,$ 795.00,Armani,http://www.armani.com/us/giorgioarmani/women/onlinestore/shoes,w
4,http://cdn.yoox.biz/11/11063371JW_11_n_f.jpg,MOCCASINS,"$ 1,045.00",Armani,http://www.armani.com/us/giorgioarmani/women/onlinestore/shoes,w
5,http://cdn.yoox.biz/11/11081967LV_11_n_f.jpg,CALFSKIN HALF BOOT,$ 597.00,Armani,http://www.armani.com/us/giorgioarmani/women/onlinestore/shoes,w
6,http://cdn.yoox.biz/11/11070545BF_11_n_f.jpg,STRETCH NAPPA BOOT,"$ 1,437.00",Armani,http://www.armani.com/us/giorgioarmani/women/onlinestore/shoes,w
7,http://cdn.yoox.biz/11/11065630HK_11_n_f.jpg,HEELED PUMP,$ 657.00,Armani,http://www.armani.com/us/giorgioarmani/women/onlinestore/shoes,w
8,http://cdn.yoox.biz/11/11065629RE_11_n_f.jpg,PATENT BALLET FLAT,$ 447.00,Armani,http://www.armani.com/us/giorgioarmani/women/onlinestore/shoes,w
9,http://cdn.yoox.biz/44/44972351TI_11_n_f.jpg,SUEDE SANDAL WITH RHINESTONES,$ 585.00,Armani,http://www.armani.com/us/giorgioarmani/women/onlinestore/shoes,w
10,http://cdn.yoox.biz/11/11081959ID_11_n_f.jpg,COURT SHOE IN LAMINATED CALFSKIN,"$ 1,045.00",Armani,http://www.armani.com/us/giorgioarmani/women/onlinestore/shoes,w
11,http://cdn.yoox.biz/11/11081954LL_11_n_f.jpg,PATENT COURT SHOE,$ 657.00,Armani,http://www.armani.com/us/giorgioarmani/women/onlinestore/shoes,w
12,http://cdn.yoox.biz/44/44973537PQ_11_n_f.jpg,HEELED PUMP,$ 595.00,Armani,http://www.armani.com/us/giorgioarmani/women/onlinestore/shoes,w
13,http://cdn.yoox.biz/44/44972346LB_11_n_f.jpg,SUEDE SANDAL WITH RHINESTONES,$ 645.00,Armani,http://www.armani.com/us/giorgioarmani/women/onlinestore/shoes,w
14,http://cdn.yoox.biz/11/11125132HI_11_n_f.jpg,SUEDE COURT SHOE,$ 657.00,Armani,http://www.armani.com/us/giorgioarmani/women/onlinestore/shoes,w
15,http://cdn.yoox.biz/11/11125114NL_11_n_f.jpg,RUNWAY BALLET FLAT IN SUEDE,$ 895.00,Armani,http://www.armani.com/us/giorgioarmani/women/onlinestore/shoes,w
16,http://cdn.yoox.biz/11/11090683GG_11_n_f.jpg,HALF BOOT IN CALFSKIN AND SUEDE,$ 567.00,Armani,http://www.armani.com/us/giorgioarmani/women/onlinestore/shoes,w
17,http://cdn.yoox.biz/11/11086252LW_11_n_f.jpg,LOAFER IN PONY SKIN,"$ 1,045.00",Armani,http://www.armani.com/us/giorgioarmani/women/onlinestore/shoes,w
18,http://cdn.yoox.biz/11/11081969JM_11_n_f.jpg,RUNWAY HALF BOOT IN VELVET,"$ 1,195.00",Armani,http://www.armani.com/us/giorgioarmani/women/onlinestore/shoes,w
19,http://cdn.yoox.biz/11/11063384BE_11_n_f.jpg,SNEAKER,$ 327.00,Armani,http://www.armani.com/us/giorgioarmani/women/onlinestore/shoes,w
20,http://cdn.yoox.biz/11/11063312WS_11_n_f.jpg,CLOSED-TOE SLIP-ONS,$ 595.00,Armani,http://www.armani.com/us/giorgioarmani/women/onlinestore/shoes,w
21,http://cdn.yoox.biz/44/44965530VX_11_n_f.jpg,SUEDE SANDAL WITH RHINESTONES,$ 645.00,Armani,http://www.armani.com/us/giorgioarmani/women/onlinestore/shoes,w
22,http://cdn.yoox.biz/11/11090684GJ_11_n_f.jpg,HEAVY-DUTY BOOT IN CALFSKIN,$ 627.00,Armani,http://www.armani.com/us/giorgioarmani/women/onlinestore/shoes,w
23,http://cdn.yoox.biz/11/11081963CN_11_n_f.jpg,SUEDE ANKLE BOOT,$ 777.00,Armani,http://www.armani.com/us/giorgioarmani/women/onlinestore/shoes,w
24,http://cdn.yoox.biz/11/11073225DQ_11_n_f.jpg,SUEDE BALLET FLAT WITH RHINESTONES,$ 567.00,Armani,http://www.armani.com/us/giorgioarmani/women/onlinestore/shoes,w
25,http://cdn.yoox.biz/44/44992285UN_11_n_f.jpg,SUEDE LOAFER,$ 645.00,Armani,http://www.armani.com/us/giorgioarmani/women/onlinestore/shoes,w
26,http://cdn.yoox.biz/11/11114940PK_11_n_f.jpg,HIGH-HEELED BOOTS,$ 585.00,Armani,http://www.armani.com/us/giorgioarmani/women/onlinestore/shoes,w
27,http://cdn.yoox.biz/11/11114937FA_11_n_f.jpg,HIGH-HEELED BOOTS,"$ 1,017.00",Armani,http://www.armani.com/us/giorgioarmani/women/onlinestore/shoes,w
28,http://cdn.yoox.biz/11/11063361HX_11_n_f.jpg,MOCCASINS,$ 447.00,Armani,http://www.armani.com/us/giorgioarmani/women/onlinestore/shoes,w
29,http://cdn.yoox.biz/11/11063344CW_11_n_f.jpg,LACE-UP SHOE,$ 657.00,Armani,http://www.armani.com/us/giorgioarmani/women/onlinestore/shoes,w
30,http://cdn.yoox.biz/11/11063335TX_11_n_f.jpg,PATENT BALLET FLAT,$ 595.00,Armani,http://www.armani.com/us/giorgioarmani/women/onlinestore/shoes,w
31,http://cdn.yoox.biz/11/11081971IS_11_n_f.jpg,CALFSKIN HALF BOOT,$ 567.00,Armani,http://www.armani.com/us/giorgioarmani/women/onlinestore/shoes,w
32,http://cdn.yoox.biz/44/44959338XL_11_n_f.jpg,CALFSKIN LOAFER,$ 417.00,Armani,http://www.armani.com/us/giorgioarmani/men/onlinestore/shoes,m
33,http://cdn.yoox.biz/44/44996308PW_11_n_f.jpg,CALFSKIN LOAFER,$ 555.00,Armani,http://www.armani.com/us/giorgioarmani/men/onlinestore/shoes,m
34,http://cdn.yoox.biz/11/11063075OS_11_n_f.jpg,DRIVING SHOE IN SUEDE,$ 525.00,Armani,http://www.armani.com/us/giorgioarmani/men/onlinestore/shoes,m
35,http://cdn.yoox.biz/11/11063430MB_11_n_f.jpg,MOCCASINS,$ 417.00,Armani,http://www.armani.com/us/giorgioarmani/men/onlinestore/shoes,m
36,http://cdn.yoox.biz/11/11063085UN_11_n_f.jpg,DRIVER SHOE IN CROC PRINT CALFSKIN,$ 465.00,Armani,http://www.armani.com/us/giorgioarmani/men/onlinestore/shoes,m
37,http://cdn.yoox.biz/11/11063093VR_11_n_f.jpg,PATENT SLIP-ON,$ 477.00,Armani,http://www.armani.com/us/giorgioarmani/men/onlinestore/shoes,m
38,http://cdn.yoox.biz/11/11154173NJ_11_n_f.jpg,MOCCASINS,$ 925.00,Armani,http://www.armani.com/us/giorgioarmani/men/onlinestore/shoes,m
39,http://cdn.yoox.biz/11/11155174FG_11_n_f.jpg,HEAVY-DUTY BOOT IN CALFSKIN,"$ 1,195.00",Armani,http://www.armani.com/us/giorgioarmani/men/onlinestore/shoes,m
40,http://cdn.yoox.biz/11/11081578BN_11_n_f.jpg,DEMI BOOT IN BOARDED CALFSKIN,$ 645.00,Armani,http://www.armani.com/us/giorgioarmani/men/onlinestore/shoes,m
41,http://cdn.yoox.biz/11/11063107KK_11_n_f.jpg,DEMI BOOT IN SUEDE,$ 465.00,Armani,http://www.armani.com/us/giorgioarmani/men/onlinestore/shoes,m
42,http://cdn.yoox.biz/11/11063072NI_11_n_f.jpg,SUEDE DERBY,$ 465.00,Armani,http://www.armani.com/us/giorgioarmani/men/onlinestore/shoes,m
43,http://cdn.yoox.biz/11/11094554VR_11_n_f.jpg,DEMI BOOT IN SUEDE,$ 615.00,Armani,http://www.armani.com/us/giorgioarmani/men/onlinestore/shoes,m
44,http://cdn.yoox.biz/11/11092824XE_11_n_f.jpg,SUEDE SLIP-ON,$ 507.00,Armani,http://www.armani.com/us/giorgioarmani/men/onlinestore/shoes,m
45,http://cdn.yoox.biz/11/11090679RH_11_n_f.jpg,SUEDE SLIP-ON,$ 507.00,Armani,http://www.armani.com/us/giorgioarmani/men/onlinestore/shoes,m
46,http://cdn.yoox.biz/11/11073213BF_11_n_f.jpg,SNEAKER IN PRINTED CALFSKIN,$ 465.00,Armani,http://www.armani.com/us/giorgioarmani/men/onlinestore/shoes,m
47,http://cdn.yoox.biz/11/11094551KR_11_n_f.jpg,CALFSKIN DERBY,$ 507.00,Armani,http://www.armani.com/us/giorgioarmani/men/onlinestore/shoes,m
48,http://cdn.yoox.biz/11/11063420SF_11_n_f.jpg,LACE-UP SHOE,$ 417.00,Armani,http://www.armani.com/us/giorgioarmani/men/onlinestore/shoes,m
49,http://cdn.yoox.biz/11/11063400WE_11_n_f.jpg,LACE-UP SHOE,$ 435.00,Armani,http://www.armani.com/us/giorgioarmani/men/onlinestore/shoes,m
50,http://cdn.yoox.biz/11/11063049KG_11_n_f.jpg,PATENT BROGUE,$ 525.00,Armani,http://www.armani.com/us/giorgioarmani/men/onlinestore/shoes,m
51,http://cdn.yoox.biz/11/11063324EW_11_n_f.jpg,DERBY IN BRUSHED CALFSKIN,$ 417.00,Armani,http://www.armani.com/us/giorgioarmani/men/onlinestore/shoes,m
52,http://cdn.yoox.biz/44/44992282SR_11_n_f.jpg,CALFSKIN DERBY,"$ 1,395.00",Armani,http://www.armani.com/us/giorgioarmani/men/onlinestore/shoes,m
53,http://cdn.yoox.biz/11/11090677GX_11_n_f.jpg,CALFSKIN DERBY,$ 585.00,Armani,http://www.armani.com/us/giorgioarmani/men/onlinestore/shoes,m
54,http://cdn.yoox.biz/11/11081546KA_11_n_f.jpg,CALFSKIN LACE-UP,$ 717.00,Armani,http://www.armani.com/us/giorgioarmani/men/onlinestore/shoes,m
55,http://cdn.yoox.biz/11/11067198OP_11_n_f.jpg,LACE-UP SHOE,$ 555.00,Armani,http://www.armani.com/us/giorgioarmani/men/onlinestore/shoes,m
56,http://cdn.yoox.biz/11/11063408QS_11_n_f.jpg,CALFSKIN DERBY,$ 357.00,Armani,http://www.armani.com/us/giorgioarmani/men/onlinestore/shoes,m
57,http://cdn.yoox.biz/11/11094552IT_11_n_f.jpg,SUEDE SNEAKER,$ 345.00,Armani,http://www.armani.com/us/giorgioarmani/men/onlinestore/shoes,m
58,http://cdn.yoox.biz/11/11077272IB_11_n_f.jpg,HIGH-TOP SNEAKER IN CALFSKIN,$ 477.00,Armani,http://www.armani.com/us/giorgioarmani/men/onlinestore/shoes,m
59,http://cdn.yoox.biz/11/11092826KF_11_n_f.jpg,SNEAKER IN CALFSKIN,$ 725.00,Armani,http://www.armani.com/us/giorgioarmani/men/onlinestore/shoes,m
60,http://cdn.yoox.biz/11/11141255XJ_11_n_f.jpg,SHOE BOOTS,"$ 1,195.00",Armani,http://www.armani.com/us/giorgioarmani/men/onlinestore/shoes,m
61,http://cdn.yoox.biz/11/11141245WB_11_n_f.jpg,RUNWAY CALFSKIN LACE-UP,$ 925.00,Armani,http://www.armani.com/us/giorgioarmani/men/onlinestore/shoes,m
62,http://cdn.yoox.biz/11/11149475KW_11_n_f.jpg,RUNWAY SLIP-ON IN CALFSKIN,"$ 1,045.00",Armani,http://www.armani.com/us/giorgioarmani/men/onlinestore/shoes,m
63,http://cdn.yoox.biz/11/11063061EM_11_n_f.jpg,CALFSKIN DERBY,$ 825.00,Armani,http://www.armani.com/us/giorgioarmani/men/onlinestore/shoes,m
64,http://cdn.yoox.biz/11/11063100CF_11_n_f.jpg,DEMI BOOT IN SUEDE,$ 775.00,Armani,http://www.armani.com/us/giorgioarmani/men/onlinestore/shoes,m
65,http://cdn.yoox.biz/44/44996310WU_11_n_f.jpg,CALFSKIN BROGUE,"$ 1,475.00",Armani,http://www.armani.com/us/giorgioarmani/men/onlinestore/shoes,m
66,http://cdn.yoox.biz/44/44965525TM_11_n_f.jpg,CALFSKIN BROGUE,$ 595.00,Armani,http://www.armani.com/us/giorgioarmani/men/onlinestore/shoes,m
67,http://cdn.yoox.biz/44/44959322CG_11_n_f.jpg,CALFSKIN DERBY,$ 645.00,Armani,http://www.armani.com/us/giorgioarmani/men/onlinestore/shoes,m
68,http://cdn.yoox.biz/11/11004080CL_11_n_f.jpg,SUEDE SNEAKER,$ 575.00,Armani,http://www.armani.com/us/giorgioarmani/men/onlinestore/shoes,m
69,http://cdn.yoox.biz/11/11077268UB_11_n_f.jpg,CALFSKIN BROGUE,"$ 1,595.00",Armani,http://www.armani.com/us/giorgioarmani/men/onlinestore/shoes,m
70,http://cdn.yoox.biz/11/11065627SC_11_n_f.jpg,CALFSKIN LOAFER,$ 675.00,Armani,http://www.armani.com/us/giorgioarmani/men/onlinestore/shoes,m
71,http://cdn.yoox.biz/44/44999685KN_11_n_f.jpg,SUEDE SLIP-ON,$ 465.00,Armani,http://www.armani.com/us/giorgioarmani/men/onlinestore/shoes,m
