,brand,category,gender,image,link,name,price
0,Nike,cleats,m,http://images.nike.com/is/image/DotCom/pwp_sheet2?$NIKE_PWPx3$&$img0=831940_013,http://store.nike.com/us/en_us/pd/mercurial-superfly-v-mens-firm-ground-soccer-cleat/pid-11155800/pgid-11043487,Nike Mercurial Superfly V FG,$300
1,Nike,cleats,m,http://images.nike.com/is/image/DotCom/pwp_sheet2?$NIKE_PWPx3$&$img0=747213_017,http://store.nike.com/us/en_us/pd/hypervenom-phantom-ii-mens-firm-ground-soccer-cleat/pid-11155107/pgid-11165789,Nike Hypervenom Phantom II FG,$275
2,Nike,cleats,m,http://images.nike.com/is/image/DotCom/pwp_sheet2?$NIKE_PWPx3$&$img0=844595_018,http://store.nike.com/us/en_us/pd/magista-obra-ii-mens-firm-ground-soccer-cleat/pid-11156417/pgid-11228689,Nike Magista Obra II FG,$300
3,Nike,cleats,m,http://images.nike.com/is/image/DotCom/pwp_sheet2?$NIKE_PWPx3$&$img0=819177_018,http://store.nike.com/us/en_us/pd/tiempo-legend-vi-mens-firm-ground-soccer-cleat/pid-11155502/pgid-11610976,Nike Tiempo Legend VI FG,$210
4,Nike,cleats,m,http://images.nike.com/is/image/DotCom/pwp_sheet2?$NIKE_PWPx3$&$img0=831958_013,http://store.nike.com/us/en_us/pd/mercurial-vapor-xi-mens-firm-ground-soccer-cleat/pid-11155828/pgid-11043931,Nike Mercurial Vapor XI FG,$230
5,Nike,cleats,m,http://images.nike.com/is/image/DotCom/pwp_sheet2?$NIKE_PWPx3$&$img0=749896_017,http://store.nike.com/us/en_us/pd/hypervenom-phelon-ii-mens-firm-ground-soccer-cleat/pid-11155252/pgid-10262947,Nike Hypervenom Phelon II FG,$75
6,Nike,cleats,m,http://images.nike.com/is/image/DotCom/pwp_sheet2?$NIKE_PWPx3$&$img0=843813_018,http://store.nike.com/us/en_us/pd/magista-opus-ii-mens-firm-ground-soccer-cleat/pid-11156148/pgid-11153722,Nike Magista Opus II,$230
7,Nike,cleats,m,http://images.nike.com/is/image/DotCom/pwp_sheet2?$NIKE_PWPx3$&$img0=819218_018,http://store.nike.com/us/en_us/pd/tiempo-legacy-ii-mens-firm-ground-soccer-cleat/pid-11155531/pgid-10340480,Nike Tiempo Legacy II FG,$120
8,Nike,cleats,m,http://images.nike.com/is/image/DotCom/pwp_sheet2?$NIKE_PWPx3$&$img0=831976_034,http://store.nike.com/us/en_us/pd/mercurialx-proximo-ii-mens-indoor-court-soccer-shoe/pid-11155861/pgid-11455604,Nike MercurialX Proximo II IC,$175
9,Nike,cleats,m,http://images.nike.com/is/image/DotCom/pwp_sheet2?$NIKE_PWPx3$&$img0=749887_014,http://store.nike.com/us/en_us/pd/hypervenomx-finale-ii-mens-indoor-court-soccer-shoe/pid-11155239/pgid-10262915,Nike HypervenomX Finale II IC,$100
10,Nike,cleats,m,http://images.nike.com/is/image/DotCom/pwp_sheet2?$NIKE_PWPx3$&$img0=843957_084,http://store.nike.com/us/en_us/pd/magistax-proximo-ii-mens-indoor-court-soccer-shoe/pid-11156186/pgid-11149176,Nike MagistaX Proximo II IC,$175
11,Nike,cleats,m,http://images.nike.com/is/image/DotCom/pwp_sheet2?$NIKE_PWPx3$&$img0=843961_070,http://store.nike.com/us/en_us/pd/tiempox-proximo-men%E2%80%99s-indoor-court-soccer-shoe/pid-11156193/pgid-11162226,Nike TiempoX Proximo IC,$140
12,Nike,cleats,m,http://images.nike.com/is/image/DotCom/pwp_sheet2?$NIKE_PWPx3$&$img0=831977_034,http://store.nike.com/us/en_us/pd/mercurialx-proximo-ii-mens-turf-soccer-shoe/pid-11155864/pgid-11455525,Nike MercurialX Proximo II TF,$175
13,Nike,cleats,m,http://images.nike.com/is/image/DotCom/pwp_sheet2?$NIKE_PWPx3$&$img0=749888_014,http://store.nike.com/us/en_us/pd/hypervenomx-finale-ii-street-mens-turf-soccer-shoe/pid-11155242/pgid-10262919,Nike HyperVenomX Finale II Street TF,$100
14,Nike,cleats,m,http://images.nike.com/is/image/DotCom/pwp_sheet2?$NIKE_PWPx3$&$img0=843958_084,http://store.nike.com/us/en_us/pd/magistax-proximo-ii-mens-turf-soccer-shoe/pid-11156189/pgid-11149175,Nike MagistaX Proximo II TF,$175
15,Nike,cleats,m,http://images.nike.com/is/image/DotCom/pwp_sheet2?$NIKE_PWPx3$&$img0=843962_070,http://store.nike.com/us/en_us/pd/tiempox-proximo-men%E2%80%99s-turf-soccer-shoe/pid-11156196/pgid-11267953,Nike TiempoX Proximo TF,$150
16,Nike,cleats,m,http://images.nike.com/is/image/DotCom/pwp_sheet2?$NIKE_PWPx3$&$img0=847756_013,http://store.nike.com/us/en_us/pd/mercurial-veloce-iii-mens-firm-ground-soccer-cleat/pid-11160511/pgid-11610985,Nike Mercurial Veloce III FG,$110
17,Nike,cleats,m,http://images.nike.com/is/image/DotCom/pwp_sheet2?$NIKE_PWPx3$&$img0=747214_017,http://store.nike.com/us/en_us/pd/hypervenom-phatal-ii-dynamic-fit-mens-firm-ground-soccer-cleat/pid-11155109/pgid-10262895,Nike Hypervenom Phatal II Dynamic Fit FG,$170
18,Nike,cleats,m,http://images.nike.com/is/image/DotCom/pwp_sheet2?$NIKE_PWPx3$&$img0=843812_018,http://store.nike.com/us/en_us/pd/magista-orden-ii-mens-firm-ground-soccer-cleat/pid-11156146/pgid-11149189,Nike Magista Orden II FG,$170
19,Nike,cleats,m,http://images.nike.com/is/image/DotCom/pwp_sheet2?$NIKE_PWPx3$&$img0=819236_018,http://store.nike.com/us/en_us/pd/tiempo-mystic-v-mens-firm-ground-soccer-cleat/pid-11155548/pgid-10340466,Nike Tiempo Mystic V FG,$85
20,Nike,cleats,m,http://ugc.nikeid.com/is/image/nike/pwp_sheet_prem?$NIKE_PWPx3$&$img0=ugc/848234883.tif&$img1=ugc/404565715.tif&$img2=ugc/682455907.tif,http://store.nike.com/us/en_us/product/mercurial-superfly-v-tech-craft-id/?piid=43425&pbid=848234883#?pbid=848234883,Nike Mercurial Superfly V Tech Craft iD,$355
21,Nike,cleats,m,http://ugc.nikeid.com/is/image/nike/pwp_sheet_prem?$NIKE_PWPx3$&$img0=ugc/169877794.tif&$img1=ugc/669319464.tif&$img2=ugc/200694473.tif,http://store.nike.com/us/en_us/product/hypervenom-phantom-ii-tech-craft-id/?piid=43424&pbid=169877794#?pbid=169877794,Nike Hypervenom Phantom II Tech Craft iD,$315
22,Nike,cleats,m,http://ugc.nikeid.com/is/image/nike/pwp_sheet_prem?$NIKE_PWPx3$&$img0=ugc/216150465.tif&$img1=ugc/826902380.tif&$img2=ugc/758846618.tif,http://store.nike.com/us/en_us/product/magista-obra-ii-tech-craft-id/?piid=43423&pbid=216150465#?pbid=216150465,Nike Magista Obra II Tech Craft iD,$355
23,Nike,cleats,m,http://ugc.nikeid.com/is/image/nike/pwp_sheet_prem?$NIKE_PWPx3$&$img0=ugc/1045970935.tif&$img1=ugc/1018608307.tif&$img2=ugc/954688133.tif,http://store.nike.com/us/en_us/product/mercurial-vapor-xi-tech-craft-id/?piid=43426&pbid=1045970935#?pbid=1045970935,Nike Mercurial Vapor XI Tech Craft iD,$285
24,Nike,cleats,m,http://images.nike.com/is/image/DotCom/pwp_sheet2?$NIKE_PWPx3$&$img0=831961_013,http://store.nike.com/us/en_us/pd/mercurial-veloce-iii-mens-firm-ground-soccer-cleat/pid-11155834/pgid-11149182,Nike Mercurial Veloce III FG,$170
25,Nike,cleats,m,http://images.nike.com/is/image/DotCom/pwp_sheet2?$NIKE_PWPx3$&$img0=844411_015,http://store.nike.com/us/en_us/pd/magista-onda-ii-mens-firm-ground-soccer-cleat/pid-11156324/pgid-11153727,Nike Magista Onda II FG,$75
26,Nike,cleats,m,http://images.nike.com/is/image/DotCom/pwp_sheet2?$NIKE_PWPx3$&$img0=869482_014&$bdg1=anticlog_logo,http://store.nike.com/us/en_us/pd/magista-obra-leather-sg-pro-anti-clog-traction-mens-soft-ground-soccer-cleat/pid-11305560/pgid-11312025,Nike Magista Obra Leather SG-PRO Anti Clog Traction,$375
27,Nike,cleats,m,http://images.nike.com/is/image/DotCom/pwp_sheet2?$NIKE_PWPx3$&$img0=889254_014&$bdg1=anticlog_logo,http://store.nike.com/us/en_us/pd/magista-opus-ii-sg-pro-anti-clog-traction-mens-soft-ground-soccer-cleat/pid-11306851/pgid-11312033,Nike Magista Opus II SG-PRO Anti Clog Traction,$300
28,Nike,cleats,m,http://ugc.nikeid.com/is/image/nike/pwp_sheet_prem?$NIKE_PWPx3$&$img0=ugc/650857122.tif&$img1=ugc/565532778.tif&$img2=ugc/528811057.tif,http://store.nike.com/us/en_us/product/mercurial-superfly-v-id/?piid=42954&pbid=650857122#?pbid=650857122,Nike Mercurial Superfly V FG iD,$340
29,Nike,cleats,m,http://ugc.nikeid.com/is/image/nike/pwp_sheet_prem?$NIKE_PWPx3$&$img0=ugc/919208811.tif&$img1=ugc/700684441.tif&$img2=ugc/577942349.tif,http://store.nike.com/us/en_us/product/hypervenom-phantom-ii-id/?piid=42952&pbid=919208811#?pbid=919208811,Nike Hypervenom Phantom II FG iD,$315
30,Nike,cleats,m,http://ugc.nikeid.com/is/image/nike/pwp_sheet_prem?$NIKE_PWPx3$&$img0=ugc/1097422458.tif&$img1=ugc/141960635.tif&$img2=ugc/706198491.tif,http://store.nike.com/us/en_us/product/magista-obra-ii-id/?piid=42950&pbid=1097422458#?pbid=1097422458,Nike Magista Obra II FG iD,$340
31,Nike,cleats,m,http://ugc.nikeid.com/is/image/nike/pwp_sheet_legacy?$NIKE_PWPx3$&$img0=ugc/895410137.tif&$img1=ugc/789497003.tif&$img2=ugc/337859635.tif,http://store.nike.com/us/en_us/product/tiempo-legend-vi-id-shoe/?piid=42948&pbid=895410137#?pbid=895410137,Nike Tiempo Legend VI FG iD,$250
32,Nike,cleats,m,http://images.nike.com/is/image/DotCom/pwp_sheet2?$NIKE_PWPx3$&$img0=831964_013,http://store.nike.com/us/en_us/pd/mercurial-victory-vi-mens-firm-ground-soccer-cleat/pid-11155838/pgid-11077806,Nike Mercurial Victory VI FG,$80
33,Nike,cleats,m,http://images.nike.com/is/image/DotCom/pwp_sheet2?$NIKE_PWPx3$&$img0=831974_013,http://store.nike.com/us/en_us/pd/mercurialx-finale-ii-mens-indoor-competition-soccer-shoe/pid-11155855/pgid-11455523,Nike MercurialX Finale II IC,$100
34,Nike,cleats,m,http://images.nike.com/is/image/DotCom/pwp_sheet2?$NIKE_PWPx3$&$img0=831975_013,http://store.nike.com/us/en_us/pd/mercurialx-finale-ii-mens-turf-soccer-shoe/pid-11155858/pgid-11455524,Nike MercurialX Finale II TF,$100
35,Nike,cleats,m,http://images.nike.com/is/image/DotCom/pwp_sheet2?$NIKE_PWPx3$&$img0=831966_013,http://store.nike.com/us/en_us/pd/mercurial-victory-vi-mens-indoor-court-soccer-shoe/pid-11155842/pgid-11077802,Nike Mercurial Victory VI IC,$80
36,Nike,cleats,m,http://images.nike.com/is/image/DotCom/pwp_sheet2?$NIKE_PWPx3$&$img0=749898_017,http://store.nike.com/us/en_us/pd/hypervenom-phelon-ii-mens-indoor-court-soccer-shoe/pid-11155257/pgid-10262951,Nike Hypervenom Phelon II IC,$75
37,Nike,cleats,m,http://images.nike.com/is/image/DotCom/pwp_sheet2?$NIKE_PWPx3$&$img0=749899_017,http://store.nike.com/us/en_us/pd/hypervenom-phelon-ii-mens-turf-soccer-shoe/pid-11155260/pgid-10262949,Nike Hypervenom Phelon II TF,$75
38,Nike,cleats,m,http://images.nike.com/is/image/DotCom/pwp_sheet2?$NIKE_PWPx3$&$img0=844444_019,http://store.nike.com/us/en_us/pd/magistax-finale-ii-mens-indoor-court-soccer-shoe/pid-11156355/pgid-11153730,Nike MagistaX Finale II IC,$100
39,Nike,cleats,m,http://images.nike.com/is/image/DotCom/pwp_sheet2?$NIKE_PWPx3$&$img0=844413_015,http://store.nike.com/us/en_us/pd/magista-onda-ii-mens-indoor-court-soccer-shoe/pid-11156326/pgid-11153728,Nike Magista Onda II IC,$75
40,Nike,cleats,m,http://images.nike.com/is/image/DotCom/pwp_sheet2?$NIKE_PWPx3$&$img0=844417_015,http://store.nike.com/us/en_us/pd/magista-onda-ii-mens-turf-soccer-shoe/pid-11156333/pgid-11153725,Nike Magista Onda II TF,$75
41,Nike,cleats,m,http://images.nike.com/is/image/DotCom/pwp_sheet2?$NIKE_PWPx3$&$img0=819215_018,http://store.nike.com/us/en_us/pd/tiempo-genio-ii-leather-mens-indoor-court-soccer-shoe/pid-11155525/pgid-10340504,Nike Tiempo Genio II Leather IC,$65
42,Nike,cleats,m,http://ugc.nikeid.com/is/image/nike/pwp_sheet_prem?$NIKE_PWPx3$&$img0=ugc/844239647.tif&$img1=ugc/229846244.tif&$img2=ugc/590513115.tif,http://store.nike.com/us/en_us/product/mercurial-vapor-xi-id/?piid=42507&pbid=844239647#?pbid=844239647,Nike Mercurial Vapor XI FG iD,$270
43,Nike,cleats,m,http://ugc.nikeid.com/is/image/nike/pwp_sheet_prem?$NIKE_PWPx3$&$img0=ugc/422347829.tif&$img1=ugc/994975287.tif&$img2=ugc/417950600.tif,http://store.nike.com/us/en_us/product/magista-obra-ii-id/?piid=42785&pbid=422347829#?pbid=422347829,Nike Magista Obra II FG iD,$340
44,Nike,cleats,m,http://ugc.nikeid.com/is/image/nike/pwp_sheet_prem?$NIKE_PWPx3$&$img0=ugc/600848045.tif&$img1=ugc/821219516.tif&$img2=ugc/559973749.tif,http://store.nike.com/us/en_us/product/mercurial-superfly-v-id/?piid=42919&pbid=600848045#?pbid=600848045,Nike Mercurial Superfly V FG iD,$340
45,Nike,cleats,m,http://ugc.nikeid.com/is/image/nike/pwp_sheet_prem?$NIKE_PWPx3$&$img0=ugc/436309758.tif&$img1=ugc/196526272.tif&$img2=ugc/1051413503.tif,http://store.nike.com/us/en_us/product/mercurial-superfly-v-id/?piid=42915&pbid=436309758#?pbid=436309758,Nike Mercurial Superfly V FG iD,$340
46,Nike,cleats,m,http://ugc.nikeid.com/is/image/nike/pwp_sheet_prem?$NIKE_PWPx3$&$img0=ugc/937805672.tif&$img1=ugc/967362538.tif&$img2=ugc/608905929.tif,http://store.nike.com/us/en_us/product/hypervenom-phantom-ii-id/?piid=42921&pbid=937805672#?pbid=937805672,Nike Hypervenom Phantom II FG iD,$315
47,Nike,cleats,m,http://ugc.nikeid.com/is/image/nike/pwp_sheet_legacy?$NIKE_PWPx3$&$img0=ugc/867319933.tif&$img1=ugc/119357690.tif&$img2=ugc/170889298.tif,http://store.nike.com/us/en_us/product/tiempo-legend-vi-id-shoe/?piid=42927&pbid=867319933#?pbid=867319933,Nike Tiempo Legend VI FG iD,$250
48,Nike,cleats,m,http://ugc.nikeid.com/is/image/nike/pwp_sheet_legacy?$NIKE_PWPx3$&$img0=ugc/1005869485.tif,http://store.nike.com/us/en_us/product/tiempo-legend-vi-id-shoe/?piid=43371&pbid=1005869485#?pbid=1005869485,Nike Tiempo Legend VI FG iD,$250
49,Nike,cleats,m,http://ugc.nikeid.com/is/image/nike/pwp_sheet_prem?$NIKE_PWPx3$&$img0=ugc/461047059.tif&$img1=ugc/926241147.tif&$img2=ugc/809723765.tif,http://store.nike.com/us/en_us/product/magista-obra-ii-id/?piid=42782&pbid=461047059#?pbid=461047059,Nike Magista Obra II AG-PRO iD,$350
50,Nike,cleats,m,http://ugc.nikeid.com/is/image/nike/pwp_sheet_prem?$NIKE_PWPx3$&$img0=ugc/1027908457.tif&$img1=ugc/1096729477.tif&$img2=ugc/683894871.tif,http://store.nike.com/us/en_us/product/magista-obra-ii-id/?piid=42784&pbid=1027908457#?pbid=1027908457,Nike Magista Obra II SG-PRO iD,$350
51,Nike,cleats,m,http://ugc.nikeid.com/is/image/nike/pwp_sheet_prem?$NIKE_PWPx3$&$img0=ugc/375732584.tif&$img1=ugc/330627768.tif&$img2=ugc/633054890.tif,http://store.nike.com/us/en_us/product/mercurial-vapor-xi-id/?piid=42508&pbid=375732584#?pbid=375732584,Nike Mercurial Vapor XI SG-PRO iD,$280
52,Nike,cleats,m,http://ugc.nikeid.com/is/image/nike/pwp_sheet_prem?$NIKE_PWPx3$&$img0=ugc/839314167.tif&$img1=ugc/281102232.tif&$img2=ugc/964434850.tif,http://store.nike.com/us/en_us/product/mercurial-vapor-xi-id/?piid=42510&pbid=839314167#?pbid=839314167,Nike Mercurial Vapor XI AG-PRO iD,$280
53,Nike,cleats,m,http://ugc.nikeid.com/is/image/nike/pwp_sheet_prem?$NIKE_PWPx3$&$img0=ugc/196738466.tif&$img1=ugc/337987105.tif&$img2=ugc/533948317.tif,http://store.nike.com/us/en_us/product/hypervenom-phantom-ii-id/?piid=42922&pbid=196738466#?pbid=196738466,Nike Hypervenom Phantom II SG-PRO iD,$325
54,Nike,cleats,m,http://ugc.nikeid.com/is/image/nike/pwp_sheet_prem?$NIKE_PWPx3$&$img0=ugc/402493271.tif&$img1=ugc/398904017.tif&$img2=ugc/943514010.tif,http://store.nike.com/us/en_us/product/mercurial-superfly-v-id/?piid=42916&pbid=402493271#?pbid=402493271,Nike Mercurial Superfly V AG-PRO iD,$350
55,Nike,cleats,m,http://ugc.nikeid.com/is/image/nike/pwp_sheet_prem?$NIKE_PWPx3$&$img0=ugc/200215222.tif&$img1=ugc/979914331.tif&$img2=ugc/321770949.tif,http://store.nike.com/us/en_us/product/mercurial-superfly-v-id/?piid=42917&pbid=200215222#?pbid=200215222,Nike Mercurial Superfly V SG-PRO iD,$350
56,Nike,cleats,m,http://ugc.nikeid.com/is/image/nike/pwp_sheet_prem?$NIKE_PWPx3$&$img0=ugc/728829187.tif&$img1=ugc/429467734.tif&$img2=ugc/1037450382.tif,http://store.nike.com/us/en_us/product/hypervenom-phantom-ii-id/?piid=42923&pbid=728829187#?pbid=728829187,Nike Hypervenom Phantom II AG iD,$280
57,Nike,cleats,m,http://ugc.nikeid.com/is/image/nike/pwp_sheet_prem?$NIKE_PWPx3$&$img0=ugc/628404495.tif&$img1=ugc/267404882.tif&$img2=ugc/634044932.tif,http://store.nike.com/us/en_us/product/mercurial-vapor-xi-id/?piid=42506&pbid=628404495#?pbid=628404495,Nike Mercurial Vapor XI AG-PRO iD,$280
58,Nike,cleats,m,http://ugc.nikeid.com/is/image/nike/pwp_sheet_legacy?$NIKE_PWPx3$&$img0=ugc/223478040.tif&$img1=ugc/1053069989.tif&$img2=ugc/1089010792.tif,http://store.nike.com/us/en_us/product/tiempo-legend-vi-id-shoe/?piid=42928&pbid=223478040#?pbid=223478040,Nike Tiempo Legend VI SG-PRO iD,$260
59,Nike,cleats,m,http://ugc.nikeid.com/is/image/nike/pwp_sheet_prem?$NIKE_PWPx3$&$img0=ugc/459244721.tif&$img1=ugc/1029206718.tif&$img2=ugc/692385357.tif,http://store.nike.com/us/en_us/product/mercurialx-proximo-ii-id/?piid=42739&pbid=459244721#?pbid=459244721,Nike MercurialX Proximo II IC iD,$215
60,Nike,cleats,m,http://ugc.nikeid.com/is/image/nike/pwp_sheet_prem?$NIKE_PWPx3$&$img0=ugc/190312360.tif&$img1=ugc/261495454.tif&$img2=ugc/367097821.tif,http://store.nike.com/us/en_us/product/mercurialx-proximo-ii-id/?piid=42743&pbid=190312360#?pbid=190312360,Nike MercurialX Proximo II IC iD,$215
61,Nike,cleats,m,http://ugc.nikeid.com/is/image/nike/pwp_sheet_legacy?$NIKE_PWPx3$&$img0=ugc/357230467.tif&$img1=ugc/189185624.tif&$img2=ugc/1082309680.tif,http://store.nike.com/us/en_us/product/tiempo-legend-vi-id-shoe/?piid=42929&pbid=357230467#?pbid=357230467,Nike Tiempo Legend VI AG-R iD,$250
62,Nike,cleats,m,http://ugc.nikeid.com/is/image/nike/pwp_sheet_prem?$NIKE_PWPx3$&$img0=ugc/936507692.tif&$img1=ugc/198548712.tif&$img2=ugc/615375347.tif,http://store.nike.com/us/en_us/product/mercurialx-proximo-ii-id/?piid=42738&pbid=936507692#?pbid=936507692,Nike MercurialX Proximo II TF iD,$215
63,Nike,cleats,m,http://ugc.nikeid.com/is/image/nike/pwp_sheet_prem?$NIKE_PWPx3$&$img0=ugc/963862984.tif&$img1=ugc/679414903.tif&$img2=ugc/870319354.tif,http://store.nike.com/us/en_us/product/mercurialx-proximo-ii-id/?piid=42742&pbid=963862984#?pbid=963862984,Nike MercurialX Proximo II TF iD,$215
64,Nike,cleats,m,http://images.nike.com/is/image/DotCom/pwp_sheet2?$NIKE_PWPx3$&$img0=852528_376,http://store.nike.com/us/en_us/pd/mercurial-victory-vi-cr7-mens-firm-ground-soccer-cleat/pid-11157161/pgid-11629492,Nike Mercurial Victory VI CR7 FG,$85
65,Nike,cleats,m,http://images.nike.com/is/image/DotCom/pwp_sheet2?$NIKE_PWPx3$&$img0=819216_018,http://store.nike.com/us/en_us/pd/tiempox-genio-ii-leather-mens-turf-soccer-shoe/pid-11155528/pgid-10340490,Nike TiempoX Genio II Leather TF,$65
66,Nike,cleats,m,http://images.nike.com/is/image/DotCom/pwp_sheet2?$NIKE_PWPx3$&$img0=819213_018,http://store.nike.com/us/en_us/pd/tiempo-genio-ii-leather-mens-firm-ground-soccer-cleat/pid-11155521/pgid-10340494,Nike Tiempo Genio II Leather FG,$65
67,Nike,cleats,m,http://images.nike.com/is/image/DotCom/pwp_sheet2?$NIKE_PWPx3$&$img0=831940_585,http://store.nike.com/us/en_us/pd/mercurial-superfly-v-mens-firm-ground-soccer-cleat/pid-11155801/pgid-11877961,Nike Mercurial Superfly V FG,$174.97
68,Nike,cleats,m,http://images.nike.com/is/image/DotCom/pwp_sheet2?$NIKE_PWPx3$&$img0=852516_001,http://store.nike.com/us/en_us/pd/mercurial-vapor-xi-tech-craft-2-mens-firm-ground-soccer-cleat/pid-11229712/pgid-11878216,Nike Mercurial Vapor XI Tech Craft 2.0 FG,$174.97
69,Nike,cleats,m,http://images.nike.com/is/image/DotCom/pwp_sheet2?$NIKE_PWPx3$&$img0=852504_001,http://store.nike.com/us/en_us/pd/magista-obra-ii-tech-craft-2-mens-firm-ground-soccer-cleat/pid-11229709/pgid-11878213,Nike Magista Obra II Tech Craft 2.0 FG,$249.97
70,Nike,cleats,m,http://images.nike.com/is/image/DotCom/pwp_sheet2?$NIKE_PWPx3$&$img0=852509_001,http://store.nike.com/us/en_us/pd/mercurial-superfly-v-tech-craft-2-mens-firm-ground-soccer-cleat/pid-11229711/pgid-11878215,Nike Mercurial Superfly V Tech Craft 2.0 FG,$249.97
71,Nike,cleats,m,http://images.nike.com/is/image/DotCom/pwp_sheet2?$NIKE_PWPx3$&$img0=852645_001,http://store.nike.com/us/en_us/pd/hypervenom-phantom-ii-tech-craft-2-mens-firm-ground-soccer-cleat/pid-11229714/pgid-11878211,Nike HyperVenom Phantom II Tech Craft 2.0,$249.97
72,Nike,cleats,m,http://images.nike.com/is/image/DotCom/pwp_sheet2?$NIKE_PWPx3$&$img0=819177_004&$img1=819177_443,http://store.nike.com/us/en_us/pd/tiempo-legend-vi-mens-firm-ground-soccer-cleat/pid-11051946/pgid-11340029,Nike Tiempo Legend VI FG,$124.97
73,Nike,cleats,m,http://images.nike.com/is/image/DotCom/pwp_sheet2?$NIKE_PWPx3$&$img0=819177_307,http://store.nike.com/us/en_us/pd/tiempo-legend-vi-mens-firm-ground-soccer-cleat/pid-10950645/pgid-11887175,Nike Tiempo Legend VI FG,$104.97
74,Nike,cleats,m,http://images.nike.com/is/image/DotCom/pwp_sheet2?$NIKE_PWPx3$&$img0=831955_585,http://store.nike.com/us/en_us/pd/mercurial-superfly-v-ag-pro-menssoccer-cleat/pid-11155824/pgid-11878021,Nike Mercurial Superfly V AG-PRO,$174.97
75,Nike,cleats,m,http://images.nike.com/is/image/DotCom/pwp_sheet2?$NIKE_PWPx3$&$img0=831956_585,http://store.nike.com/us/en_us/pd/mercurial-superfly-v-sg-pro-mens-soft-ground-soccer-cleat/pid-11155825/pgid-11878015,Nike Mercurial Superfly V SG-PRO,$174.97
76,Nike,cleats,m,http://images.nike.com/is/image/DotCom/pwp_sheet2?$NIKE_PWPx3$&$img0=819680_443,http://store.nike.com/us/en_us/pd/tiempo-legend-vi-mens-soft-ground-soccer-cleat/pid-11155595/pgid-11877991,Nike Tiempo Legend VI SG-PRO,$129.97
77,Nike,cleats,m,http://images.nike.com/is/image/DotCom/pwp_sheet2?$NIKE_PWPx3$&$img0=831976_085,http://store.nike.com/us/en_us/pd/mercurialx-proximo-ii-mens-indoor-court-soccer-shoe/pid-11155862/pgid-11877913,Nike MercurialX Proximo II IC,$99.97
78,Nike,cleats,m,http://images.nike.com/is/image/DotCom/pwp_sheet2?$NIKE_PWPx3$&$img0=831976_888,http://store.nike.com/us/en_us/pd/mercurialx-proximo-ii-mens-indoor-court-soccer-shoe/pid-11155863/pgid-11877988,Nike MercurialX Proximo II IC,$99.97
79,Nike,cleats,m,http://images.nike.com/is/image/DotCom/pwp_sheet2?$NIKE_PWPx3$&$img0=844593_443,http://store.nike.com/us/en_us/pd/tiempo-legend-vi-ag-pro-menssoccer-cleat/pid-11156414/pgid-11877972,Nike Tiempo Legend VI AG-PRO,$129.97
80,Nike,cleats,m,http://images.nike.com/is/image/DotCom/pwp_sheet2?$NIKE_PWPx3$&$img0=831977_888&$img1=831977_085,http://store.nike.com/us/en_us/pd/mercurialx-proximo-ii-mens-turf-soccer-shoe/pid-11155866/pgid-11877918,Nike MercurialX Proximo II TF,$99.97
81,Nike,cleats,m,http://images.nike.com/is/image/DotCom/pwp_sheet2?$NIKE_PWPx3$&$img0=844595_375,http://store.nike.com/us/en_us/pd/magista-obra-ii-mens-firm-ground-soccer-cleat/pid-11156418/pgid-11832026,Nike Magista Obra II FG,$174.97
82,Nike,cleats,m,http://images.nike.com/is/image/DotCom/pwp_sheet2?$NIKE_PWPx3$&$img0=852511_376,http://store.nike.com/us/en_us/pd/mercurial-superfly-v-cr7-mens-firm-ground-soccer-cleat/pid-11157152/pgid-11877929,Nike Mercurial Superfly V CR7 FG,$199.97
83,Nike,cleats,m,http://images.nike.com/is/image/DotCom/pwp_sheet2?$NIKE_PWPx3$&$img0=831961_585,http://store.nike.com/us/en_us/pd/mercurial-veloce-iii-mens-firm-ground-soccer-cleat/pid-11155835/pgid-11877932,Nike Mercurial Veloce III FG,$99.97
84,Nike,cleats,m,http://images.nike.com/is/image/DotCom/pwp_sheet2?$NIKE_PWPx3$&$img0=852539_001,http://store.nike.com/us/en_us/pd/tiempo-legend-vi-tech-craft-2-mens-firm-ground-soccer-cleat/pid-11229713/pgid-11878217,Nike Tiempo Legend VI Tech Craft 2.0 FG,$149.97
85,Nike,cleats,m,http://images.nike.com/is/image/DotCom/pwp_sheet2?$NIKE_PWPx3$&$img0=843812_375,http://store.nike.com/us/en_us/pd/magista-orden-ii-mens-firm-ground-soccer-cleat/pid-11156147/pgid-11877921,Nike Magista Orden II FG,$99.97
86,Nike,cleats,m,http://images.nike.com/is/image/DotCom/pwp_sheet2?$NIKE_PWPx3$&$img0=852514_376,http://store.nike.com/us/en_us/pd/mercurial-vapor-xi-cr7-mens-firm-ground-soccer-cleat/pid-11157154/pgid-11877904,Nike Mercurial Vapor XI CR7 FG,$149.97
87,Nike,cleats,m,http://images.nike.com/is/image/DotCom/pwp_sheet2?$NIKE_PWPx3$&$img0=852538_376,http://store.nike.com/us/en_us/pd/mercurialx-proximo-ii-cr7-mens-indoor-court-soccer-shoe/pid-11157165/pgid-11877971,Nike MercurialX Proximo II CR7 IC,$99.97
88,Nike,cleats,m,http://images.nike.com/is/image/DotCom/pwp_sheet2?$NIKE_PWPx3$&$img0=852505_001,http://store.nike.com/us/en_us/pd/magista-opus-ii-tech-craft-2-mens-firm-ground-soccer-cleat/pid-11229710/pgid-11878214,Nike Magista Opus II Tech Craft 2.0 FG,$174.97
89,Nike,cleats,m,http://images.nike.com/is/image/DotCom/pwp_sheet2?$NIKE_PWPx3$&$img0=843957_777&$img1=843957_374,http://store.nike.com/us/en_us/pd/magistax-proximo-ii-mens-indoor-court-soccer-shoe/pid-11156188/pgid-11878030,Nike MagistaX Proximo II IC,$99.97
90,Nike,cleats,m,http://images.nike.com/is/image/DotCom/pwp_sheet2?$NIKE_PWPx3$&$img0=852510_376,http://store.nike.com/us/en_us/pd/mercurial-superfly-v-cr7-ag-pro-menssoccer-cleat/pid-11157151/pgid-11877914,Nike Mercurial Superfly V CR7 AG-PRO,$199.97
91,Nike,cleats,m,http://images.nike.com/is/image/DotCom/pwp_sheet2?$NIKE_PWPx3$&$img0=843813_375,http://store.nike.com/us/en_us/pd/magista-opus-ii-mens-firm-ground-soccer-cleat/pid-11156149/pgid-11877985,Nike Magista Opus II,$129.97
92,Nike,cleats,m,http://images.nike.com/is/image/DotCom/pwp_sheet2?$NIKE_PWPx3$&$img0=852526_376,http://store.nike.com/us/en_us/pd/mercurialx-victory-vi-cr7-mens-indoor-court-soccer-shoe/pid-11157159/pgid-11877978,Nike MercurialX Victory VI CR7 IC,$49.97
93,Nike,cleats,m,http://images.nike.com/is/image/DotCom/pwp_sheet2?$NIKE_PWPx3$&$img0=749887_484,http://store.nike.com/us/en_us/pd/hypervenomx-finale-ii-mens-indoor-court-soccer-shoe/pid-11155240/pgid-11185263,Nike HypervenomX Finale II IC,$79.97
94,Nike,cleats,m,http://images.nike.com/is/image/DotCom/pwp_sheet2?$NIKE_PWPx3$&$img0=852537_001,http://store.nike.com/us/en_us/pd/mercurialx-proximo-ii-tech-craft-2-mens-indoor-court-soccer-shoe/pid-11228359/pgid-11878245,Nike MercurialX Proximo II Tech Craft 2.0 IC,$129.97
95,Nike,cleats,m,http://images.nike.com/is/image/DotCom/pwp_sheet2?$NIKE_PWPx3$&$img0=831974_888&$img1=831974_589,http://store.nike.com/us/en_us/pd/mercurialx-finale-ii-mens-indoor-competition-soccer-shoe/pid-11155857/pgid-11637162,Nike MercurialX Finale II IC,$59.97
96,Nike,cleats,m,http://images.nike.com/is/image/DotCom/pwp_sheet2?$NIKE_PWPx3$&$img0=819222_443,http://store.nike.com/us/en_us/pd/tiempo-mystic-v-mens-indoor-court-soccer-shoe/pid-11155540/pgid-11877927,Nike Tiempo Mystic V IC,$49.97
97,Nike,cleats,m,http://images.nike.com/is/image/DotCom/pwp_sheet2?$NIKE_PWPx3$&$img0=819218_443,http://store.nike.com/us/en_us/pd/tiempo-legacy-ii-mens-firm-ground-soccer-cleat/pid-11155532/pgid-11831612,Nike Tiempo Legacy II FG,$69.97
98,Nike,cleats,m,http://images.nike.com/is/image/DotCom/pwp_sheet2?$NIKE_PWPx3$&$img0=852506_001,http://store.nike.com/us/en_us/pd/magistax-proximo-ii-tech-craft-2-mens-turf-soccer-shoe/pid-11233920/pgid-11878242,Nike MagistaX Proximo II Tech Craft 2.0 TF,$129.97
99,Nike,cleats,m,http://images.nike.com/is/image/DotCom/pwp_sheet2?$NIKE_PWPx3$&$img0=831975_888&$img1=831975_589,http://store.nike.com/us/en_us/pd/mercurialx-finale-ii-mens-turf-soccer-shoe/pid-11155860/pgid-11637062,Nike MercurialX Finale II TF,$59.97
100,Nike,cleats,m,http://images.nike.com/is/image/DotCom/pwp_sheet2?$NIKE_PWPx3$&$img0=819213_443,http://store.nike.com/us/en_us/pd/tiempo-genio-ii-leather-mens-firm-ground-soccer-cleat/pid-11155522/pgid-11289054,Nike Tiempo Genio II Leather FG,$39.97
101,Nike,cleats,m,http://images.nike.com/is/image/DotCom/pwp_sheet2?$NIKE_PWPx3$&$img0=852536_001,http://store.nike.com/us/en_us/pd/mercurialx-proximo-ii-tech-craft-2-mens-turf-soccer-shoe/pid-11228358/pgid-11878244,Nike MercurialX Proximo II Tech Craft 2.0 TF,$129.97
102,Nike,cleats,m,http://images.nike.com/is/image/DotCom/pwp_sheet2?$NIKE_PWPx3$&$img0=819236_443,http://store.nike.com/us/en_us/pd/tiempo-mystic-v-mens-firm-ground-soccer-cleat/pid-11155549/pgid-11796221,Nike Tiempo Mystic V FG,$49.97
103,Nike,cleats,m,http://images.nike.com/is/image/DotCom/pwp_sheet2?$NIKE_PWPx3$&$img0=852507_001,http://store.nike.com/us/en_us/pd/magistax-proximo-ii-tech-craft-2-mens-indoor-court-soccer-shoe/pid-11233922/pgid-11878243,Nike MagistaX Proximo II Tech Craft 2.0 IC,$129.97
104,Nike,cleats,m,http://images.nike.com/is/image/DotCom/pwp_sheet2?$NIKE_PWPx3$&$img0=852477_001,http://store.nike.com/us/en_us/pd/hypervenomx-proximo-tech-craft-2-mens-turf-soccer-shoe/pid-11228356/pgid-11878240,Nike HyperVenomX Proximo Tech Craft 2.0 TF,$129.97
105,Nike,cleats,m,http://images.nike.com/is/image/DotCom/pwp_sheet2?$NIKE_PWPx3$&$img0=844413_375,http://store.nike.com/us/en_us/pd/magista-onda-ii-mens-indoor-court-soccer-shoe/pid-11156327/pgid-11796571,Nike Magista Onda II IC,$49.97
106,Nike,cleats,m,http://images.nike.com/is/image/DotCom/pwp_sheet2?$NIKE_PWPx3$&$img0=819224_443,http://store.nike.com/us/en_us/pd/tiempo-mystic-v-mens-turf-soccer-shoe/pid-11155542/pgid-11878038,Nike Tiempo Mystic V TF,$49.97
107,Nike,cleats,m,http://images.nike.com/is/image/DotCom/pwp_sheet2?$NIKE_PWPx3$&$img0=852508_376,http://store.nike.com/us/en_us/pd/mercurial-superfly-v-cr7-sg-pro-mens-soft-ground-soccer-cleat/pid-11157149/pgid-11877995,Nike Mercurial Superfly V CR7 SG-PRO,$199.97
108,Nike,cleats,m,http://images.nike.com/is/image/DotCom/pwp_sheet2?$NIKE_PWPx3$&$img0=852474_001,http://store.nike.com/us/en_us/pd/hypervenom-phinish-tech-craft-2-mens-firm-ground-soccer-cleat/pid-11229708/pgid-11878212,Nike HyperVenom Phinish Tech Craft 2.0 FG,$174.97
109,Nike,cleats,m,http://images.nike.com/is/image/DotCom/pwp_sheet2?$NIKE_PWPx3$&$img0=844596_375,http://store.nike.com/us/en_us/pd/magista-obra-ii-sg-pro-mens-soft-ground-soccer-cleat/pid-11156419/pgid-11877891,Nike Magista Obra II SG-PRO,$174.97
110,Nike,cleats,m,http://images.nike.com/is/image/DotCom/pwp_sheet2?$NIKE_PWPx3$&$img0=831958_585,http://store.nike.com/us/en_us/pd/mercurial-vapor-xi-mens-firm-ground-soccer-cleat/pid-11155829/pgid-11877930,Nike Mercurial Vapor XI FG,$139.97
111,Nike,cleats,m,http://images.nike.com/is/image/DotCom/pwp_sheet2?$NIKE_PWPx3$&$img0=852478_001,http://store.nike.com/us/en_us/pd/hypervenomx-proximo-tech-craft-2-mens-indoor-court-soccer-shoe/pid-11228357/pgid-11878241,Nike HyperVenomX Proximo Tech Craft 2.0 IC,$129.97
112,Nike,cleats,m,http://images.nike.com/is/image/DotCom/pwp_sheet2?$NIKE_PWPx3$&$img0=852518_376,http://store.nike.com/us/en_us/pd/mercurial-veloce-iii-dynamic-fit-cr7-mens-firm-ground-soccer-cleat/pid-11157156/pgid-11877960,Nike Mercurial Veloce III Dynamic Fit CR7 FG,$99.97
113,Nike,cleats,m,http://images.nike.com/is/image/DotCom/pwp_sheet2?$NIKE_PWPx3$&$img0=819218_307,http://store.nike.com/us/en_us/pd/tiempo-legacy-ii-mens-firm-ground-soccer-cleat/pid-10950665/pgid-11887249,Nike Tiempo Legacy II FG,$59.97
114,,cleats,w,http://images.nike.com/is/image/DotCom/pwp_sheet2?$NIKE_PWPx3$&$img0=806555_303&$img1=806555_413&$img2=806555_100,http://store.nike.com/us/en_us/pd/zoom-rival-m-8-unisex-distance-spike/pid-11363324/pgid-10338523,Nike Zoom Rival M 8,$65
115,,cleats,w,http://images.nike.com/is/image/DotCom/pwp_sheet2?$NIKE_PWPx3$&$img0=835997_413&$img1=835997_107,http://store.nike.com/us/en_us/pd/zoom-victory-3-unisex-racing-spike/pid-11156092/pgid-11287291,Nike Zoom Victory 3,$125
116,,cleats,w,http://images.nike.com/is/image/DotCom/pwp_sheet2?$NIKE_PWPx3$&$img0=806559_414&$img1=806559_604&$img2=806559_403,http://store.nike.com/us/en_us/pd/zoom-rival-m-8-womens-track-spike/pid-10942837/pgid-10340276,Nike Zoom Rival M 8,$65
117,,cleats,w,http://images.nike.com/is/image/DotCom/pwp_sheet2?$NIKE_PWPx3$&$img0=706617_413,http://store.nike.com/us/en_us/pd/zoom-mamba-3-unisex-distance-spike/pid-11155026/pgid-11287278,Nike Zoom Mamba 3,$125
118,,cleats,w,http://images.nike.com/is/image/DotCom/pwp_sheet2?$NIKE_PWPx3$&$img0=835995_413,http://store.nike.com/us/en_us/pd/zoom-matumbo-3-unisex-distance-spike/pid-11156088/pgid-11287289,Nike Zoom Matumbo 3,$125
119,,cleats,w,http://images.nike.com/is/image/DotCom/pwp_sheet2?$NIKE_PWPx3$&$img0=549150_413,http://store.nike.com/us/en_us/pd/zoom-maxcat-4-unisex-sprint-spike/pid-11154783/pgid-817354,Nike Zoom Maxcat 4,$120
120,,cleats,w,http://images.nike.com/is/image/DotCom/pwp_sheet2?$NIKE_PWPx3$&$img0=705394_413,http://store.nike.com/us/en_us/pd/triple-jump-elite-unisex-jumping-spike/pid-11155016/pgid-11287287,Nike Triple Jump Elite,$125
121,,cleats,w,http://images.nike.com/is/image/DotCom/pwp_sheet2?$NIKE_PWPx3$&$img0=629226_413,http://store.nike.com/us/en_us/pd/zoom-celar-5-unisex-sprint-spike/pid-11154845/pgid-10338520,Nike Zoom Celar 5,$90
122,,cleats,w,http://images.nike.com/is/image/DotCom/pwp_sheet2?$NIKE_PWPx3$&$img0=654693_307&$img1=654693_301&$img2=654693_800,http://store.nike.com/us/en_us/pd/victory-xc-3-unisex-track-shoe/pid-11154904/pgid-11287280,Nike Victory XC 3,$110
123,,cleats,w,http://images.nike.com/is/image/DotCom/pwp_sheet2?$NIKE_PWPx3$&$img0=844132_601&$img1=844132_002&$img2=844132_407,http://store.nike.com/us/en_us/pd/zoom-xc-unisex-track-shoe/pid-11156234/pgid-11168071,Nike Zoom XC,$90
124,,cleats,w,http://images.nike.com/is/image/DotCom/pwp_sheet2?$NIKE_PWPx3$&$img0=806558_401&$img1=806558_403&$img2=806558_604,http://store.nike.com/us/en_us/pd/zoom-rival-s-8-womens-track-spike/pid-11155321/pgid-10340254,Nike Zoom Rival S 8,$65
125,,cleats,w,http://images.nike.com/is/image/DotCom/pwp_sheet2?$NIKE_PWPx3$&$img0=685131_413,http://store.nike.com/us/en_us/pd/zoom-rotational-6-unisex-throwing-shoe/pid-11154942/pgid-11451688,Nike Zoom Rotational 6,$110
126,,cleats,w,http://images.nike.com/is/image/DotCom/pwp_sheet2?$NIKE_PWPx3$&$img0=806554_999&$img1=806554_110&$img2=806554_303,http://store.nike.com/us/en_us/pd/zoom-rival-s-8-unisex-sprint-spike/pid-11258313/pgid-10338487,Nike Zoom Rival S 8,$65
127,,cleats,w,http://images.nike.com/is/image/DotCom/pwp_sheet2?$NIKE_PWPx3$&$img0=806561_413,http://store.nike.com/us/en_us/pd/high-jump-elite-unisex-jumping-spike/pid-11155327/pgid-11287290,Nike High Jump Elite,$125
128,,cleats,w,http://images.nike.com/is/image/DotCom/pwp_sheet2?$NIKE_PWPx3$&$img0=631055_413,http://store.nike.com/us/en_us/pd/zoom-javelin-elite-2-unisex-throwing-spike/pid-11154849/pgid-11287286,Nike Zoom Javelin Elite 2,$150
129,,cleats,w,http://images.nike.com/is/image/DotCom/pwp_sheet2?$NIKE_PWPx3$&$img0=806556_413&$img1=806556_804,http://store.nike.com/us/en_us/pd/zoom-rival-d-9-unisex-distance-spike/pid-11155320/pgid-10338503,Nike Zoom Rival D 9,$65
130,,cleats,w,http://images.nike.com/is/image/DotCom/pwp_sheet2?$NIKE_PWPx3$&$img0=685135_413,http://store.nike.com/us/en_us/pd/zoom-sd-4-unisex-throwing-shoe/pid-11154946/pgid-11287284,Nike Zoom SD 4,$80
131,,cleats,w,http://images.nike.com/is/image/DotCom/pwp_sheet2?$NIKE_PWPx3$&$img0=749351_003&$img1=749351_306&$img2=749351_008,http://store.nike.com/us/en_us/pd/zoom-rival-xc-womens-track-shoe/pid-11155159/pgid-10294408,Nike Zoom Rival XC,$65
132,,cleats,w,http://images.nike.com/is/image/DotCom/pwp_sheet2?$NIKE_PWPx3$&$img0=749352_407&$img1=749352_008&$img2=749352_073,http://store.nike.com/us/en_us/pd/zoom-rival-waffle-womens-track-shoe/pid-11155170/pgid-11292320,Nike Zoom Rival Waffle,$65
133,,cleats,w,http://images.nike.com/is/image/DotCom/pwp_sheet2?$NIKE_PWPx3$&$img0=806560_100&$img1=806560_303&$img2=806560_416,http://store.nike.com/us/en_us/pd/zoom-rival-d-9-womens-track-spike/pid-10340255/pgid-10340256,Nike Zoom Rival D 9,$65
134,,cleats,w,http://images.nike.com/is/image/DotCom/pwp_sheet2?$NIKE_PWPx3$&$img0=415339_413,http://store.nike.com/us/en_us/pd/zoom-lj-4-unisex-jumping-spike/pid-11154726/pgid-928126,Nike Zoom LJ 4,$100
135,,cleats,m,http://images.nike.com/is/image/DotCom/pwp_sheet2?$NIKE_PWPx3$&$img0=806555_303&$img1=806555_413&$img2=806555_100,http://store.nike.com/us/en_us/pd/zoom-rival-m-8-unisex-distance-spike/pid-11363324/pgid-10338523,Nike Zoom Rival M 8,$65
136,,cleats,m,http://images.nike.com/is/image/DotCom/pwp_sheet2?$NIKE_PWPx3$&$img0=835997_413&$img1=835997_107,http://store.nike.com/us/en_us/pd/zoom-victory-3-unisex-racing-spike/pid-11156092/pgid-11287291,Nike Zoom Victory 3,$125
137,,cleats,m,http://images.nike.com/is/image/DotCom/pwp_sheet2?$NIKE_PWPx3$&$img0=706617_413,http://store.nike.com/us/en_us/pd/zoom-mamba-3-unisex-distance-spike/pid-11155026/pgid-11287278,Nike Zoom Mamba 3,$125
138,,cleats,m,http://images.nike.com/is/image/DotCom/pwp_sheet2?$NIKE_PWPx3$&$img0=835995_413,http://store.nike.com/us/en_us/pd/zoom-matumbo-3-unisex-distance-spike/pid-11156088/pgid-11287289,Nike Zoom Matumbo 3,$125
139,,cleats,m,http://images.nike.com/is/image/DotCom/pwp_sheet2?$NIKE_PWPx3$&$img0=549150_413,http://store.nike.com/us/en_us/pd/zoom-maxcat-4-unisex-sprint-spike/pid-11154783/pgid-817354,Nike Zoom Maxcat 4,$120
140,,cleats,m,http://images.nike.com/is/image/DotCom/pwp_sheet2?$NIKE_PWPx3$&$img0=705394_413,http://store.nike.com/us/en_us/pd/triple-jump-elite-unisex-jumping-spike/pid-11155016/pgid-11287287,Nike Triple Jump Elite,$125
141,,cleats,m,http://images.nike.com/is/image/DotCom/pwp_sheet2?$NIKE_PWPx3$&$img0=629226_413,http://store.nike.com/us/en_us/pd/zoom-celar-5-unisex-sprint-spike/pid-11154845/pgid-10338520,Nike Zoom Celar 5,$90
142,,cleats,m,http://images.nike.com/is/image/DotCom/pwp_sheet2?$NIKE_PWPx3$&$img0=654693_307&$img1=654693_301&$img2=654693_800,http://store.nike.com/us/en_us/pd/victory-xc-3-unisex-track-shoe/pid-11154904/pgid-11287280,Nike Victory XC 3,$110
143,,cleats,m,http://images.nike.com/is/image/DotCom/pwp_sheet2?$NIKE_PWPx3$&$img0=844132_601&$img1=844132_002&$img2=844132_407,http://store.nike.com/us/en_us/pd/zoom-xc-unisex-track-shoe/pid-11156234/pgid-11168071,Nike Zoom XC,$90
144,,cleats,m,http://images.nike.com/is/image/DotCom/pwp_sheet2?$NIKE_PWPx3$&$img0=685131_413,http://store.nike.com/us/en_us/pd/zoom-rotational-6-unisex-throwing-shoe/pid-11154942/pgid-11451688,Nike Zoom Rotational 6,$110
145,,cleats,m,http://images.nike.com/is/image/DotCom/pwp_sheet2?$NIKE_PWPx3$&$img0=806554_999&$img1=806554_110&$img2=806554_303,http://store.nike.com/us/en_us/pd/zoom-rival-s-8-unisex-sprint-spike/pid-11258313/pgid-10338487,Nike Zoom Rival S 8,$65
146,,cleats,m,http://images.nike.com/is/image/DotCom/pwp_sheet2?$NIKE_PWPx3$&$img0=806561_413,http://store.nike.com/us/en_us/pd/high-jump-elite-unisex-jumping-spike/pid-11155327/pgid-11287290,Nike High Jump Elite,$125
147,,cleats,m,http://images.nike.com/is/image/DotCom/pwp_sheet2?$NIKE_PWPx3$&$img0=631055_413,http://store.nike.com/us/en_us/pd/zoom-javelin-elite-2-unisex-throwing-spike/pid-11154849/pgid-11287286,Nike Zoom Javelin Elite 2,$150
148,,cleats,m,http://images.nike.com/is/image/DotCom/pwp_sheet2?$NIKE_PWPx3$&$img0=806556_413&$img1=806556_804,http://store.nike.com/us/en_us/pd/zoom-rival-d-9-unisex-distance-spike/pid-11155320/pgid-10338503,Nike Zoom Rival D 9,$65
149,,cleats,m,http://images.nike.com/is/image/DotCom/pwp_sheet2?$NIKE_PWPx3$&$img0=685135_413,http://store.nike.com/us/en_us/pd/zoom-sd-4-unisex-throwing-shoe/pid-11154946/pgid-11287284,Nike Zoom SD 4,$80
150,,cleats,m,http://images.nike.com/is/image/DotCom/pwp_sheet2?$NIKE_PWPx3$&$img0=749349_406&$img1=749349_300&$img2=749349_800,http://store.nike.com/us/en_us/pd/zoom-rival-xc-mens-track-shoe/pid-11155151/pgid-10294382,Nike Zoom Rival XC,$65
151,,cleats,m,http://images.nike.com/is/image/DotCom/pwp_sheet2?$NIKE_PWPx3$&$img0=415339_413,http://store.nike.com/us/en_us/pd/zoom-lj-4-unisex-jumping-spike/pid-11154726/pgid-928126,Nike Zoom LJ 4,$100
152,,cleats,,http://images.nike.com/is/image/DotCom/pwp_sheet2?$NIKE_PWPx3$&$img0=824470_616&$img1=824470_002&$img2=824470_100,http://store.nike.com/us/en_us/pd/vapor-untouchable-2-mens-football-cleat/pid-10950753/pgid-11632200,Nike Vapor Untouchable 2,$160
153,,cleats,,http://images.nike.com/is/image/DotCom/pwp_sheet2?$NIKE_PWPx3$&$img0=835831_161&$img1=835831_130&$img2=835831_140,http://store.nike.com/us/en_us/pd/vapor-untouchable-2-jewels-mens-football-cleat/pid-10958955/pgid-11630356,Nike Vapor Untouchable 2 Jewels,$160
154,,cleats,,http://images.nike.com/is/image/DotCom/pwp_sheet2?$NIKE_PWPx3$&$img0=833408_111&$img1=833408_608,http://store.nike.com/us/en_us/pd/vapor-speed-turf-mens-training-shoe/pid-11258369/pgid-11625999,Nike Vapor Speed Turf,$110
155,,cleats,,http://images.nike.com/is/image/DotCom/pwp_sheet2?$NIKE_PWPx3$&$img0=833421_014&$img1=833421_010&$img2=833421_013,http://store.nike.com/us/en_us/pd/force-lunarbeast-pro-td-mens-football-cleat/pid-10951123/pgid-11625997,Nike Force Lunarbeast Pro TD,$100
156,,cleats,,http://images.nike.com/is/image/DotCom/pwp_sheet2?$NIKE_PWPx3$&$img0=833419_100&$img1=833419_010,http://store.nike.com/us/en_us/pd/force-lunarbeast-pro-d-mens-football-cleat/pid-10951118/pgid-11068782,Nike Force Lunarbeast Pro D,$80
157,,cleats,,http://images.nike.com/is/image/DotCom/pwp_sheet2?$NIKE_PWPx3$&$img0=847099_010,http://store.nike.com/us/en_us/pd/force-lunarbeast-elite-lightning-mens-football-cleat/pid-11142238/pgid-11171504,Nike Force Lunarbeast Elite Lightning,$100
158,,cleats,,http://images.nike.com/is/image/DotCom/pwp_sheet2?$NIKE_PWPx3$&$img0=779422_014&$img1=779422_016&$img2=779422_100,http://store.nike.com/us/en_us/pd/force-lunarbeast-elite-td-mens-football-cleat/pid-10300314/pgid-11810749,Nike Force Lunarbeast Elite TD,$130
159,,cleats,,http://images.nike.com/is/image/DotCom/pwp_sheet2?$NIKE_PWPx3$&$img0=719927_010,http://store.nike.com/us/en_us/pd/alpha-pro-2-3-4-td-mens-football-cleat/pid-10273741/pgid-11595188,Nike Alpha Pro 2 3/4 TD,$100
160,,cleats,,http://images.nike.com/is/image/DotCom/pwp_sheet2?$NIKE_PWPx3$&$img0=833385_401&$img1=833385_411&$img2=833385_611,http://store.nike.com/us/en_us/pd/vapor-untouchable-pro-mens-football-cleat/pid-10950850/pgid-11831618,Nike Vapor Untouchable Pro,$120
161,,cleats,,http://images.nike.com/is/image/DotCom/pwp_sheet2?$NIKE_PWPx3$&$img0=833390_002&$img1=833390_100&$img2=833390_371,http://store.nike.com/us/en_us/pd/alpha-field-general-elite-camo-mens-football-cleat/pid-10950880/pgid-11810758,Nike Alpha Field General Elite Camo,$125
162,,cleats,,http://images.nike.com/is/image/DotCom/pwp_sheet2?$NIKE_PWPx3$&$img0=856579_087,http://store.nike.com/us/en_us/pd/vapor-untouchable-pro-solar-flare-mens-football-cleat/pid-11157558/pgid-11832302,Nike Vapor Untouchable Pro Solar Flare,$120
163,,cleats,,http://images.nike.com/is/image/DotCom/pwp_sheet2?$NIKE_PWPx3$&$img0=839924_503&$img1=839924_732&$img2=839924_808,http://store.nike.com/us/en_us/pd/vapor-untouchable-pro-pf-mens-football-cleat/pid-10992495/pgid-11831864,Nike Vapor Untouchable Pro PF,$120
164,,cleats,,http://images.nike.com/is/image/DotCom/pwp_sheet2?$NIKE_PWPx3$&$img0=833408_411&$img1=833408_611&$img2=833408_311,http://store.nike.com/us/en_us/pd/vapor-speed-turf-mens-training-shoe/pid-11149366/pgid-11877886,Nike Vapor Speed Turf,$110
165,,cleats,,http://images.nike.com/is/image/DotCom/pwp_sheet2?$NIKE_PWPx3$&$img0=847102_001,http://store.nike.com/us/en_us/pd/vapor-untouchable-pro-mens-football-cleat/pid-11158625/pgid-11832314,Nike Vapor Untouchable Pro,$120
166,,cleats,,http://images.nike.com/is/image/DotCom/pwp_sheet2?$NIKE_PWPx3$&$img0=705409_100&$img1=705409_010,http://store.nike.com/us/en_us/pd/alpha-pro-2-3-4-d-mens-football-cleat/pid-10201915/pgid-11595156,Nike Alpha Pro 2 3/4 D,$100
167,,cleats,,http://images.nike.com/is/image/DotCom/pwp_sheet2?$NIKE_PWPx3$&$img0=833408_017&$img1=833408_441&$img2=833408_616,http://store.nike.com/us/en_us/pd/vapor-speed-turf-mens-training-shoe/pid-10950933/pgid-11816774,Nike Vapor Speed Turf,$64.97
168,,cleats,,http://images.nike.com/is/image/DotCom/pwp_sheet2?$NIKE_PWPx3$&$img0=719952_610&$img1=719952_410&$img2=719952_100,http://store.nike.com/us/en_us/pd/alpha-shark-2-3-4-mens-football-cleat/pid-10293894/pgid-11876178,Nike Alpha Shark 2 3/4,$34.97
169,,cleats,,http://images.nike.com/is/image/DotCom/pwp_sheet2?$NIKE_PWPx3$&$img0=833407_001,http://store.nike.com/us/en_us/pd/vapor-strike-5-td-mens-football-cleat/pid-10950924/pgid-11595231,Nike Vapor Strike 5 TD,$54.97
170,,cleats,,http://images.nike.com/is/image/DotCom/pwp_sheet2?$NIKE_PWPx3$&$img0=820280_878,http://store.nike.com/us/en_us/pd/alpha-pro-2-3-4-td-le-2-mens-football-cleat/pid-10873413/pgid-11796074,Nike Alpha Pro 2 3/4 TD LE 2.0,$64.97
171,,cleats,,http://images.nike.com/is/image/DotCom/pwp_sheet2?$NIKE_PWPx3$&$img0=833391_002,http://store.nike.com/us/en_us/pd/vapor-shark-2-mens-football-cleat/pid-10950886/pgid-11595226,Nike Vapor Shark 2,$29.97
172,,cleats,,http://images.nike.com/is/image/DotCom/pwp_sheet2?$NIKE_PWPx3$&$img0=844205_064,http://store.nike.com/us/en_us/pd/magista-obra-ii-womens-firm-ground-soccer-cleat/pid-11056308/pgid-11149178,Nike Magista Obra II FG,$300
173,,cleats,,http://images.nike.com/is/image/DotCom/pwp_sheet2?$NIKE_PWPx3$&$img0=718752_164,http://store.nike.com/us/en_us/pd/hypervenom-phantom-ii-womens-firm-ground-soccer-cleat/pid-11046697/pgid-10940939,Nike Hypervenom Phantom II FG,$275
174,,cleats,,http://images.nike.com/is/image/DotCom/pwp_sheet2?$NIKE_PWPx3$&$img0=844223_164,http://store.nike.com/us/en_us/pd/magista-orden-ii-womens-firm-ground-soccer-cleat/pid-11056319/pgid-11149179,Nike Magista Orden II FG,$180
175,,cleats,,http://images.nike.com/is/image/DotCom/pwp_sheet2?$NIKE_PWPx3$&$img0=819256_164,http://store.nike.com/us/en_us/pd/tiempo-legend-vi-womens-firm-ground-soccer-cleat/pid-11051986/pgid-11559667,Nike Tiempo Legend VI FG,$210
176,,cleats,,http://ugc.nikeid.com/is/image/nike/pwp_sheet_prem?$NIKE_PWPx3$&$img0=ugc/1045970935.tif&$img1=ugc/1018608307.tif&$img2=ugc/954688133.tif,http://store.nike.com/us/en_us/product/mercurial-vapor-xi-tech-craft-id/?piid=43426&pbid=1045970935#?pbid=1045970935,Nike Mercurial Vapor XI Tech Craft iD,$285
177,,cleats,,http://ugc.nikeid.com/is/image/nike/pwp_sheet_prem?$NIKE_PWPx3$&$img0=ugc/216150465.tif&$img1=ugc/826902380.tif&$img2=ugc/758846618.tif,http://store.nike.com/us/en_us/product/magista-obra-ii-tech-craft-id/?piid=43423&pbid=216150465#?pbid=216150465,Nike Magista Obra II Tech Craft iD,$355
178,,cleats,,http://ugc.nikeid.com/is/image/nike/pwp_sheet_prem?$NIKE_PWPx3$&$img0=ugc/848234883.tif&$img1=ugc/404565715.tif&$img2=ugc/682455907.tif,http://store.nike.com/us/en_us/product/mercurial-superfly-v-tech-craft-id/?piid=43425&pbid=848234883#?pbid=848234883,Nike Mercurial Superfly V Tech Craft iD,$355
179,,cleats,,http://ugc.nikeid.com/is/image/nike/pwp_sheet_prem?$NIKE_PWPx3$&$img0=ugc/172897354.tif&$img1=ugc/766024713.tif&$img2=ugc/537184096.tif,http://store.nike.com/us/en_us/product/magista-obra-ii-id/?piid=42786&pbid=172897354#?pbid=172897354,Nike Magista Obra II FG iD,$340
180,,cleats,,http://ugc.nikeid.com/is/image/nike/pwp_sheet_prem?$NIKE_PWPx3$&$img0=ugc/169877794.tif&$img1=ugc/669319464.tif&$img2=ugc/200694473.tif,http://store.nike.com/us/en_us/product/hypervenom-phantom-ii-tech-craft-id/?piid=43424&pbid=169877794#?pbid=169877794,Nike Hypervenom Phantom II Tech Craft iD,$315
181,,cleats,,http://ugc.nikeid.com/is/image/nike/pwp_sheet_prem?$NIKE_PWPx3$&$img0=ugc/191721948.tif&$img1=ugc/211687225.tif&$img2=ugc/512015633.tif,http://store.nike.com/us/en_us/product/hypervenom-phantom-ii-id/?piid=42924&pbid=191721948#?pbid=191721948,Nike Hypervenom Phantom II FG iD,$315
182,,cleats,,http://ugc.nikeid.com/is/image/nike/pwp_sheet_legacy?$NIKE_PWPx3$&$img0=ugc/1005869485.tif,http://store.nike.com/us/en_us/product/tiempo-legend-vi-id-shoe/?piid=43371&pbid=1005869485#?pbid=1005869485,Nike Tiempo Legend VI FG iD,$250
183,,cleats,,http://ugc.nikeid.com/is/image/nike/pwp_sheet_prem?$NIKE_PWPx3$&$img0=ugc/455177887.tif&$img1=ugc/254526331.tif&$img2=ugc/177399313.tif,http://store.nike.com/us/en_us/product/mercurial-superfly-v-id/?piid=42920&pbid=455177887#?pbid=455177887,Nike Mercurial Superfly V SG-PRO iD,$350
184,,cleats,,http://ugc.nikeid.com/is/image/nike/pwp_sheet_legacy?$NIKE_PWPx3$&$img0=ugc/894922935.tif&$img1=ugc/1065151595.tif&$img2=ugc/766417830.tif,http://store.nike.com/us/en_us/product/tiempo-legend-vi-id-shoe/?piid=42930&pbid=894922935#?pbid=894922935,Nike Tiempo Legend VI FG iD,$250
185,,cleats,,http://ugc.nikeid.com/is/image/nike/pwp_sheet_prem?$NIKE_PWPx3$&$img0=ugc/611558678.tif&$img1=ugc/145806949.tif&$img2=ugc/658241109.tif,http://store.nike.com/us/en_us/product/mercurial-superfly-v-id/?piid=42918&pbid=611558678#?pbid=611558678,Nike Mercurial Superfly V FG iD,$340
186,,cleats,,http://ugc.nikeid.com/is/image/nike/pwp_sheet_prem?$NIKE_PWPx3$&$img0=ugc/640090402.tif&$img1=ugc/792853390.tif&$img2=ugc/802481807.tif,http://store.nike.com/us/en_us/product/magista-obra-ii-id/?piid=42781&pbid=640090402#?pbid=640090402,Nike Magista Obra II SG-PRO iD,$350
187,,cleats,,http://ugc.nikeid.com/is/image/nike/pwp_sheet_prem?$NIKE_PWPx3$&$img0=ugc/760926928.tif&$img1=ugc/239453168.tif&$img2=ugc/251385164.tif,http://store.nike.com/us/en_us/product/hypervenom-phantom-ii-id/?piid=42926&pbid=760926928#?pbid=760926928,Nike Hypervenom Phantom II SG-PRO iD,$290
188,,cleats,,http://ugc.nikeid.com/is/image/nike/pwp_sheet_prem?$NIKE_PWPx3$&$img0=ugc/462754274.tif&$img1=ugc/645882011.tif&$img2=ugc/186443752.tif,http://store.nike.com/us/en_us/product/mercurial-vapor-xi-id/?piid=42506&pbid=462754274#?pbid=462754274,Nike Mercurial Vapor XI AG-PRO iD,$280
189,,cleats,,http://ugc.nikeid.com/is/image/nike/pwp_sheet_legacy?$NIKE_PWPx3$&$img0=ugc/294894593.tif&$img1=ugc/256343526.tif&$img2=ugc/464815948.tif,http://store.nike.com/us/en_us/product/tiempo-legend-vi-id-shoe/?piid=42932&pbid=294894593#?pbid=294894593,Nike Tiempo Legend VI SG-PRO iD,$260
190,,cleats,,http://ugc.nikeid.com/is/image/nike/pwp_sheet_legacy?$NIKE_PWPx3$&$img0=ugc/387219042.tif&$img1=ugc/436716493.tif&$img2=ugc/755300870.tif,http://store.nike.com/us/en_us/product/tiempo-legend-vi-id-shoe/?piid=42931&pbid=387219042#?pbid=387219042,Nike Tiempo Legend VI AG-R iD,$250
191,,cleats,,http://ugc.nikeid.com/is/image/nike/pwp_sheet_prem?$NIKE_PWPx3$&$img0=ugc/638263790.tif&$img1=ugc/382056211.tif&$img2=ugc/1079961527.tif,http://store.nike.com/us/en_us/product/mercurial-vapor-xi-id/?piid=42509&pbid=638263790#?pbid=638263790,Nike Mercurial Vapor XI FG iD,$270
192,,cleats,,http://ugc.nikeid.com/is/image/nike/pwp_sheet_prem?$NIKE_PWPx3$&$img0=ugc/294876484.tif&$img1=ugc/199727440.tif&$img2=ugc/557357826.tif,http://store.nike.com/us/en_us/product/mercurial-vapor-xi-id/?piid=42511&pbid=294876484#?pbid=294876484,Nike Mercurial Vapor XI SG-PRO iD,$280
193,,cleats,,http://ugc.nikeid.com/is/image/nike/pwp_sheet_prem?$NIKE_PWPx3$&$img0=ugc/315594665.tif&$img1=ugc/791583271.tif&$img2=ugc/700165941.tif,http://store.nike.com/us/en_us/product/mercurialx-proximo-ii-id/?piid=42744&pbid=315594665#?pbid=315594665,Nike MercurialX Proximo II IC iD,$215
194,,cleats,,http://ugc.nikeid.com/is/image/nike/pwp_sheet_prem?$NIKE_PWPx3$&$img0=ugc/665367808.tif&$img1=ugc/862916379.tif&$img2=ugc/855672573.tif,http://store.nike.com/us/en_us/product/magista-obra-ii-id/?piid=42783&pbid=665367808#?pbid=665367808,Nike Magista Obra II AG-PRO iD,$350
195,,cleats,,http://ugc.nikeid.com/is/image/nike/pwp_sheet_prem?$NIKE_PWPx3$&$img0=ugc/838265746.tif&$img1=ugc/402270421.tif&$img2=ugc/940454240.tif,http://store.nike.com/us/en_us/product/mercurialx-proximo-ii-id/?piid=42741&pbid=838265746#?pbid=838265746,Nike MercurialX Proximo II IC iD,$215
196,,cleats,,http://ugc.nikeid.com/is/image/nike/pwp_sheet_prem?$NIKE_PWPx3$&$img0=ugc/226704521.tif&$img1=ugc/930174152.tif&$img2=ugc/645501161.tif,http://store.nike.com/us/en_us/product/mercurialx-proximo-ii-id/?piid=42745&pbid=226704521#?pbid=226704521,Nike MercurialX Proximo II TF iD,$215
197,,cleats,,http://ugc.nikeid.com/is/image/nike/pwp_sheet_prem?$NIKE_PWPx3$&$img0=ugc/150885511.tif&$img1=ugc/1072140491.tif&$img2=ugc/343929527.tif,http://store.nike.com/us/en_us/product/mercurialx-proximo-ii-id/?piid=42740&pbid=150885511#?pbid=150885511,Nike MercurialX Proximo II TF iD,$215
198,,cleats,,http://ugc.nikeid.com/is/image/nike/pwp_sheet_prem?$NIKE_PWPx3$&$img0=ugc/367294951.tif&$img1=ugc/113961663.tif&$img2=ugc/1022981974.tif,http://store.nike.com/us/en_us/product/hypervenom-phantom-ii-id/?piid=42925&pbid=367294951#?pbid=367294951,Nike Hypervenom Phantom II AG iD,$280
