,image,brand,name,price
0,https://cdn.shopify.com/s/files/1/1308/6857/products/Grade_school_black_toe3_grande.jpg?v=1480379401,JORDAN BRAND,GS Air Jordan Retro 1 High OG - Black Toe,$120.00 USD
1,https://cdn.shopify.com/s/files/1/1308/6857/products/air_berwuda_gold_leaf3_grande.jpg?v=1479505964,NIKE SPORTSWEAR,Air Berwuda PRM - Gold/Light Blue/Light Charcoal,$120.00 USD
2,https://cdn.shopify.com/s/files/1/1308/6857/products/blue_suede_12_grande.jpg?v=1479157807,JORDAN BRAND,"Air Jordan Retro 12 ""Blue Suede"" - Blue Suede",Sold out
3,https://cdn.shopify.com/s/files/1/1308/6857/products/westbrooks_grande.jpg?v=1479517609,JORDAN BRAND,Jordan Westbrook 0.2 - Black / Black-Gym Red,$140.00 USD
4,https://cdn.shopify.com/s/files/1/1308/6857/products/lupinek_cargo3_grande.jpg?v=1478216010,NIKE SPORTSWEAR,Men's Nike Lupinek Flyknit - Cargo Khaki/Sequoia,$250.00 USD
5,https://cdn.shopify.com/s/files/1/1308/6857/products/mercurial_grande.jpg?v=1478122384,NIKE SPORTSWEAR,Nike Zoom Mercurial XI FK - Seaweed/Dark Turquoise-Black,$200.00 USD
6,https://cdn.shopify.com/s/files/1/1308/6857/products/vans_og_sk8_hi_la_black_grande.jpg?v=1478118532,VANS VAULT,Vans Vault OG Sk8 Hi LX - Black,$110.00 USD
7,https://cdn.shopify.com/s/files/1/1308/6857/products/internationalist_utility_black_grande.jpg?v=1478297067,NIKE SPORTSWEAR,Internationalist Utility - Black/Black- Black,$130.00 USD
8,https://cdn.shopify.com/s/files/1/1308/6857/products/internationalist_utility_wolf_gray_grande.jpg?v=1478297277,NIKE SPORTSWEAR,Internationalist Utility - Wolf Grey / Anthracite / Cool Grey,$130.00 USD
9,https://cdn.shopify.com/s/files/1/1308/6857/products/womens_lunar_force_flyknit_burgundy_grande.jpg?v=1479156457,NIKE SPORTSWEAR,Nike Women's LF1 Flyknit Workboot - Deep Burgundy,$200.00 USD
10,https://cdn.shopify.com/s/files/1/1308/6857/products/air_max_one_flyknit_neutal_copy_grande.jpg?v=1478121149,NIKE SPORTSWEAR,Nike Air Max 1 Ultra Ultra Flyknit - Neutral Olive / Black Sequoia,$160.00 USD
11,https://cdn.shopify.com/s/files/1/1308/6857/products/huarache_black_n_gold_grande.jpg?v=1478117069,NIKE SPORTSWEAR,NIKE AIR HUARACHE - Black / Metallic - Gold,$110.00 USD
12,https://cdn.shopify.com/s/files/1/1308/6857/products/jordan_one_black_toe_grande.jpg?v=1479161218,JORDAN BRAND,"Air Jordan Retro 1 High OG ""Black Toe""",Sold out
13,https://cdn.shopify.com/s/files/1/1308/6857/products/lunar_magista_II_fk_grande.jpg?v=1478297504,NIKE SPORTSWEAR,Nike Lunar Magista II FK,$200.00 USD
14,https://cdn.shopify.com/s/files/1/1308/6857/products/roshe_2_flyknit2_grande.jpg?v=1478115346,NIKE SPORTSWEAR,Nike Air Roshe Two Flyknit 365 - Bright Crimson/Dark Grey-Black,$140.00 USD
15,https://cdn.shopify.com/s/files/1/1308/6857/products/airmax_black_n_gray2_grande.jpg?v=1478116751,NIKE SPORTSWEAR,Nike Air Max 1 Ultra Essential - Black/Cool Grey-Wolf Grey,$120.00 USD
16,https://cdn.shopify.com/s/files/1/1308/6857/products/airmax_95_grande.jpg?v=1478116564,NIKE SPORTSWEAR,Men's Nike Air Max 95 Essential - Anthracite/Anthracite-Black,$160.00 USD
17,https://cdn.shopify.com/s/files/1/1308/6857/products/lipinek_flyknit3_grande.jpg?v=1478198770,NIKE SPORTSWEAR,Men's Nike Lupinek Flyknit - Black/Anthracite-Black,$250.00 USD
18,https://cdn.shopify.com/s/files/1/1308/6857/products/lunar_force_flyknit_grande.jpg?v=1478297329,NIKE SPORTSWEAR,Lunar Force 1 Flyknit Workboot - Golden Beige/Sail,$200.00 USD
19,https://cdn.shopify.com/s/files/1/1308/6857/products/womens_lunar_force_flyknit_black_grande.jpg?v=1478655300,NIKE SPORTSWEAR,Nike Women's LF1 Flyknit Workboot- Black/Black-White-Cool Grey,$200.00 USD
20,https://cdn.shopify.com/s/files/1/1308/6857/products/airmax_zero_navy2_grande.jpg?v=1478116018,NIKE SPORTSWEAR,Nike Air Max Zero - Binary Blue/Obsidian,$150.00 USD
21,https://cdn.shopify.com/s/files/1/1308/6857/products/airmax_ultra_essential_grande.jpg?v=1478115704,NIKE SPORTSWEAR,Air Max 90 Premium SE - Wolf Grey / Anthracite / Cool Grey,$140.00 USD
22,https://cdn.shopify.com/s/files/1/1308/6857/products/presto_utility_dark_grey_grande.jpg?v=1478117175,NIKE SPORTSWEAR,Mens Nike Air Presto Utility - Dark Grey/Dark Grey,$130.00 USD
23,https://cdn.shopify.com/s/files/1/1308/6857/products/jordan_retro_3_cyber_monday_grande.jpg?v=1478121894,JORDAN BRAND,"Air Jordan 3 Retro - ""Cyber Monday"" Black/White",$190.00 USD
24,https://cdn.shopify.com/s/files/1/1308/6857/products/retro_mid_prem_1_grande.jpg?v=1478121672,JORDAN BRAND,Air Jordan 1 Mid Prem - Black / Gym-Red / Dark Grey,$120.00 USD
25,https://cdn.shopify.com/s/files/1/1308/6857/products/retro_high_green_grande.jpg?v=1478190335,JORDAN BRAND,Air Jordan 1 Mid - Grove Green / Black-White,$150.00 USD
26,https://cdn.shopify.com/s/files/1/1308/6857/products/womens_af_one_hi_se_black_grande.jpg?v=1479157277,NIKE SPORTSWEAR,Women's Nike Air Force 1 HI SE - Black/Gum,$110.00 USD
27,https://cdn.shopify.com/s/files/1/1308/6857/products/retro_one_white_on_black_grande.jpg?v=1478121384,JORDAN BRAND,Air Jordan 1 Retro High OG - Black/White,$160.00 USD
28,https://cdn.shopify.com/s/files/1/1308/6857/products/slip_on_taka_hayashi_grande.jpg?v=1478190416,VANS VAULT,Vans Vault Taka Hayashi Slip On Nomad LX - Black/White,$135.00 USD
29,https://cdn.shopify.com/s/files/1/1308/6857/products/airmax_maroon2_grande.jpg?v=1478116845,NIKE SPORTSWEAR,Air Max 90 Ultra SE - Night Maroon,$140.00 USD
30,https://cdn.shopify.com/s/files/1/1308/6857/products/airmax_1_flyknit_grande.jpg?v=1478116097,NIKE SPORTSWEAR,Nike Air Max 1 Ultra Ultra Flyknit - Deep Burgundy,$160.00 USD
31,https://cdn.shopify.com/s/files/1/1308/6857/products/RSBB4_c40c2ba4-fb52-4bee-8c1d-03f5a13e7ba5_grande.jpg?v=1476113917,JORDAN BRAND,"Air Jordan 1 Retro High OG ""RSBB""",Sold out
32,https://cdn.shopify.com/s/files/1/1308/6857/products/ginger_4s_grande.jpg?v=1478121068,JORDAN BRAND,"Air Jordan 4 Retro Premium ""Wheat""",$400.00 USD
33,https://cdn.shopify.com/s/files/1/1308/6857/products/womens_air_max_90_ultra_prm_navy_grande.jpg?v=1479157059,NIKE SPORTSWEAR,Nike Women's Air Max 90 Ultra Premium - Midnight Navy/Blue/Grey,$135.00 USD
34,https://cdn.shopify.com/s/files/1/1308/6857/products/air_max_90_ultra_prm_cool_grey_grande.jpg?v=1478654544,NIKE SPORTSWEAR,Nike Women's Air Max 90 Ultra PRM - Cool Grey/Vaschetta Tan,$135.00 USD
35,https://cdn.shopify.com/s/files/1/1308/6857/products/womens_air_max_90_ultra_se_light_bone_grande.jpg?v=1479156990,NIKE SPORTSWEAR,Nike Women's Air Max 90 Ultra SE - Light Bone,$125.00 USD
36,https://cdn.shopify.com/s/files/1/1308/6857/products/retro_one_black_on_white_grande.jpg?v=1478121465,JORDAN BRAND,Air Jordan 1 Retro High OG - White/Black,$160.00 USD
37,https://cdn.shopify.com/s/files/1/1308/6857/products/womens_air_max_ultra_prm_jcrd_mahogany_grande.jpg?v=1479156722,NIKE SPORTSWEAR,Nike Women's Air Max 1 Ultra Premium Jacquard - Metallic Mahogany/Night Maroon,$130.00 USD
38,https://cdn.shopify.com/s/files/1/1308/6857/products/womens_air_max_ultra_prm_jcrd_silver_grande.jpg?v=1479156572,NIKE SPORTSWEAR,Nike Women's Air Max 1 Ultra Premium Jacquard - Metallic Hematite/Black-Dark Grey,$130.00 USD
39,https://cdn.shopify.com/s/files/1/1308/6857/products/womens_af_1_hi_se_maroon_grande.jpg?v=1479157357,NIKE SPORTSWEAR,Women's Nike Air Force 1 HI SE - Night Maroon,$110.00 USD
40,https://cdn.shopify.com/s/files/1/1308/6857/products/berwuda_black_grande.jpg?v=1478116936,NIKE SPORTSWEAR,Air Berwuda - Black/White,$110.00 USD
41,https://cdn.shopify.com/s/files/1/1308/6857/products/berwuda_olive_grande.jpg?v=1478116990,NIKE SPORTSWEAR,Air Berwuda Camper Green/Black,$110.00 USD
42,https://cdn.shopify.com/s/files/1/1308/6857/products/vans_old_skool_la_black_n_white_grande.jpg?v=1478301161,VANS VAULT,Vans Old Skool LX - Black/White,$85.00 USD
43,https://cdn.shopify.com/s/files/1/1308/6857/products/old_skool_lx_ombre_black_grande.jpg?v=1478198909,VANS VAULT,Vans Vault Old Skool LX - Ombre Blue/Black,$90.00 USD
44,https://cdn.shopify.com/s/files/1/1308/6857/products/vans_slip_on_lx_robert_willams_grande.jpg?v=1478301227,VANS VAULT,Vans Vault x Robert Williams Slip On LX,$130.00 USD
45,https://cdn.shopify.com/s/files/1/1308/6857/products/checker_board_vans_grande.jpg?v=1478114428,VANS VAULT,Vans Vault Slip ON LX - Checkerboard Canvas,$70.00 USD
46,https://cdn.shopify.com/s/files/1/1308/6857/products/vans_og_sk8_hi_la_white_grande.jpg?v=1478114610,VANS VAULT,Vans Vault OG Sk8 Hi LX - White,$110.00 USD
47,https://cdn.shopify.com/s/files/1/1308/6857/products/vans_old_skool_dx_dress_blue_grande.jpg?v=1478114003,VANS VAULT,Vans Old Skool DX - Dress Blues,$75.00 USD
48,https://cdn.shopify.com/s/files/1/1308/6857/products/vans_era_demitasse_grande.jpg?v=1478190612,VANS VAULT,Vans Era Suede Leather - Asphalt,$60.00 USD
49,https://cdn.shopify.com/s/files/1/1308/6857/products/vans_era_suede_leather_grande.jpg?v=1478190545,VANS VAULT,Vans Era Suede Leather - Demitasse/Black,$60.00 USD
50,https://cdn.shopify.com/s/files/1/1308/6857/products/sock_dart_red_grande.jpg?v=1478115106,NIKE SPORTSWEAR,Nike Sock Dart SE - Gym Red/Black-White,$130.00 USD
51,https://cdn.shopify.com/s/files/1/1308/6857/products/nike_prestos_red-4_grande.jpg?v=1475785999,NIKE SPORTSWEAR,Mens Nike Air Presto GPX - Vivid Sulfur/Sail/Black,$130.00 USD
52,https://cdn.shopify.com/s/files/1/1308/6857/products/nike_presto_gpx_blue3_copy_grande.jpg?v=1475786357,NIKE SPORTSWEAR,Mens Nike Air Presto GPX - Ocean Fog/Barely Green/Black/Midnight Navy,$130.00 USD
53,https://cdn.shopify.com/s/files/1/1308/6857/products/nike_presto_gpx_green2_copy_grande.jpg?v=1475785950,NIKE SPORTSWEAR,Mens Nike Air Presto GPX - Phantom/Clear Jade/Celery/Cargo Khaki,$130.00 USD
54,https://cdn.shopify.com/s/files/1/1308/6857/products/woven_presto_white_copy_grande.jpg?v=1475786054,NIKE SPORTSWEAR,Mens Nike Air Presto SE - Wolf Grey/Black/White/Wolf Grey,$130.00 USD
55,https://cdn.shopify.com/s/files/1/1308/6857/products/woven_presto_black-2_copy_grande.jpg?v=1475786307,NIKE SPORTSWEAR,Mens Nike Air Presto SE - Black/Black,$130.00 USD
56,https://cdn.shopify.com/s/files/1/1308/6857/products/blue_presto4_grande.jpg?v=1476204831,NIKE SPORTSWEAR,Mens Nike Air Presto Ultra Flyknit - College Navy/Wolf Grey/White/College Navy,$160.00 USD
57,https://cdn.shopify.com/s/files/1/1308/6857/products/black_lunar_duck_boot_grande.jpg?v=1476204173,NIKE SPORTSWEAR,Mens Nike Lunar Force 1 Duckboot - Black/Metallic Silver/Anthracite/Black,$165.00 USD
58,https://cdn.shopify.com/s/files/1/1308/6857/products/foamposite_grande.jpg?v=1478198661,NIKE SPORTSWEAR,Mens Nike Air Foamposite Pro - Hyper Cobalt/Black,$230.00 USD
59,https://cdn.shopify.com/s/files/1/1308/6857/products/Dunk_rain_grande.jpg?v=1476205375,NIKE SPORTSWEAR,Mens Nike Dunk High Ultra Rain - Black/Sail/Sport Red,$120.00 USD
60,https://cdn.shopify.com/s/files/1/1308/6857/products/womens_air_max_thea_black_grande.jpg?v=1479156919,NIKE SPORTSWEAR,Womens Nike Air Max Thea - Black/Summit White,$95.00 USD
61,https://cdn.shopify.com/s/files/1/1308/6857/products/roshe_one_black_grande.jpg?v=1478216125,NIKE SPORTSWEAR,Mens Nike Roshe One - Black/Black,$75.00 USD
62,https://cdn.shopify.com/s/files/1/1308/6857/products/nike_trainer_max_91_grande.jpg?v=1478122204,NIKE SPORTSWEAR,Mens Nike Air Trainer Max '91 - Black,$110.00 USD
63,https://cdn.shopify.com/s/files/1/1308/6857/products/wtaps_hightop_olive_grande.jpg?v=1474945209,VANS VAULT,Vans Vault Sk8 Hi LX - Olive/WTAPS,Sold out
64,https://cdn.shopify.com/s/files/1/1308/6857/products/woven_presto_blue-4_copy_grande.jpg?v=1475790806,NIKE SPORTSWEAR,Nike Air Presto SE - Midnight Navy/Midnight Navy-White,$130.00 USD
65,https://cdn.shopify.com/s/files/1/1308/6857/products/womens_sock_dart_black_grande.jpg?v=1479156277,NIKE SPORTSWEAR,Women's Nike Sock Dart SE - Black/Black/Volt,$130.00 USD
66,https://cdn.shopify.com/s/files/1/1308/6857/products/twothrids_sk8_hi_grande.jpg?v=1475183031,VANS VAULT,Vans Sk8 Hi LX x Two Thirds - Patriot Blue,$100.00 USD
67,https://cdn.shopify.com/s/files/1/1308/6857/products/jordan_one_decon_high_cream_grande.jpg?v=1475787447,JORDAN BRAND,Retro 1 High Decon - White,$123.00 USD
68,https://cdn.shopify.com/s/files/1/1308/6857/products/lead_skate_his_grande.jpg?v=1476206073,VANS VAULT,Vans Vault Sk8 Hi LX - Lead,$75.00 USD
69,https://cdn.shopify.com/s/files/1/1308/6857/products/wtaps_hightop_black-4_grande.jpg?v=1474944817,VANS VAULT,Vans Vault Sk8 Hi LX - Black/WTAPS,Sold out
70,https://cdn.shopify.com/s/files/1/1308/6857/products/og_old_school_green_suede-3_grande.jpg?v=1475182534,VANS VAULT,Vans Vault Old Skool LX - Dusty Olive,$65.00 USD
71,https://cdn.shopify.com/s/files/1/1308/6857/products/og_old_school_tan_grande.jpg?v=1475182611,VANS VAULT,Vans Vault Old Skool LX - Bronze/Brown,$65.00 USD
72,https://cdn.shopify.com/s/files/1/1308/6857/products/Og_era_beluga_grande.jpg?v=1475182391,VANS VAULT,Vans Vault OG Era LX - Beluga,$75.00 USD
73,https://cdn.shopify.com/s/files/1/1308/6857/products/old_skool_lite_lx_moon_rock_grande.jpg?v=1478198970,VANS VAULT,Vans Vault Old Skool Lite LX - Moon Rock/Marshmallow,$100.00 USD
74,https://cdn.shopify.com/s/files/1/1308/6857/products/authentic_44_re_issue_lx_grande.jpg?v=1478198546,VANS VAULT,Vans Vault x Robert Williams Authentic 44 Re Issue LX - Malfeasance,$130.00 USD
75,https://cdn.shopify.com/s/files/1/1308/6857/products/Robert_willams_sk8_hi_grande.jpg?v=1475182735,VANS VAULT,Vans Vault x Robert Williams OG Sk8 Hi 38 Decon LX - Flaming Cobras,$130.00 USD
76,https://cdn.shopify.com/s/files/1/1308/6857/products/wtaps-mid-black-3_grande.jpg?v=1474944700,VANS VAULT,Vans Vault Chukka LX - Black/WTAPS,Sold out
77,https://cdn.shopify.com/s/files/1/1308/6857/products/saucony_shadow_white_tan_blue_grande.jpg?v=1475182127,SAUCONY ELITE,Saucony Shadow 5000 - Cream/Blue,$80.00 USD
78,https://cdn.shopify.com/s/files/1/1308/6857/products/saucony_shadow_tan_green-2_grande.jpg?v=1475182022,SAUCONY ELITE,Saucony Shadow - Tan/Light Green,$85.00 USD
79,https://cdn.shopify.com/s/files/1/1308/6857/products/slip_ons_tan3_grande.jpg?v=1478113648,VANS VAULT,Vans Slip On DX - Tan,$80.00 USD
80,https://cdn.shopify.com/s/files/1/1308/6857/products/Taka_hayashi_sk8_nomad_grande.jpg?v=1475183139,VANS VAULT,Vans Vault Taka Hayashi Sk8 Nomad LX - Black,Sold out
81,https://cdn.shopify.com/s/files/1/1308/6857/products/1_39ad6eed-1f72-4185-956d-1b6743d2ed33_grande.jpg?v=1474599017,JORDAN BRAND,"GS Air Jordan Retro 11 Low ""Closing Ceremony""",$130.00 USD
82,https://cdn.shopify.com/s/files/1/1308/6857/products/womens_juvenate_print_grande.jpg?v=1478654997,NIKE SPORTSWEAR,Women's Nike Juvenate Print - Dark Grey/White,$95.00 USD
83,https://cdn.shopify.com/s/files/1/1308/6857/products/womens_run_aqua_green_grande.jpg?v=1474989085,NIKE SPORTSWEAR,Nike Women's Air Presto Flyknit Ultra - Hyper Turquoise,$150.00 USD
84,https://cdn.shopify.com/s/files/1/1308/6857/products/womens_nike_huarache_white_grande.jpg?v=1475180214,NIKE SPORTSWEAR,Nike Women's Air Huarache Run PRM - Pure Platinum/Cool Grey,$120.00 USD
85,https://cdn.shopify.com/s/files/1/1308/6857/products/women_huarache_light_gray_grande.jpg?v=1475180323,NIKE SPORTSWEAR,Nike Women's Air Huarache Run PRM Suede - Medium Grey/Off White,$130.00 USD
86,https://cdn.shopify.com/s/files/1/1308/6857/products/Air_force_ones_low_white_grande.jpg?v=1475178408,NIKE SPORTSWEAR,Nike Air Force 1 '07 LV8 - White/White,$100.00 USD
87,https://cdn.shopify.com/s/files/1/1308/6857/products/womens_air_max_1_ultra_lotc_qs_island_green_grande.jpg?v=1479157193,NIKE SPORTSWEAR,Nike Women's Air Max 1 Ultra LOTC QS - Island Green/Flint Gold,$150.00 USD
88,https://cdn.shopify.com/s/files/1/1308/6857/products/womens_air_max_90_ultra_lotc_qs_red_grande.jpg?v=1479157138,NIKE SPORTSWEAR,Nike Women's Air Max 90 Ultra LOTC QS - Night Maroon/Gym Red,$115.00 USD
89,https://cdn.shopify.com/s/files/1/1308/6857/products/Women_s_Nike_Air_Max_Thea_LOTC_QS_-_Black_Light_Bone_grande.jpg?v=1479157417,NIKE SPORTSWEAR,Nike Women's Air Max Thea LOTC QS - Black/Light Bone,$150.00 USD
